-- phpMyAdmin SQL Dump
-- version 5.2.1
-- https://www.phpmyadmin.net/
--
-- Host: 127.0.0.1
-- Generation Time: Dec 12, 2023 at 02:48 PM
-- Server version: 10.4.28-MariaDB
-- PHP Version: 8.1.17

SET SQL_MODE = "NO_AUTO_VALUE_ON_ZERO";
START TRANSACTION;
SET time_zone = "+00:00";


/*!40101 SET @OLD_CHARACTER_SET_CLIENT=@@CHARACTER_SET_CLIENT */;
/*!40101 SET @OLD_CHARACTER_SET_RESULTS=@@CHARACTER_SET_RESULTS */;
/*!40101 SET @OLD_COLLATION_CONNECTION=@@COLLATION_CONNECTION */;
/*!40101 SET NAMES utf8mb4 */;

--
-- Database: `newspaper`
--

-- --------------------------------------------------------

--
-- Table structure for table `amendments`
--

CREATE TABLE `amendments` (
  `id` int(6) NOT NULL,
  `text` varchar(250) NOT NULL,
  `article_id` int(6) NOT NULL
) ENGINE=InnoDB DEFAULT CHARSET=utf8mb4 COLLATE=utf8mb4_general_ci;

--
-- Dumping data for table `amendments`
--

INSERT INTO `amendments` (`id`, `text`, `article_id`) VALUES
(45, '- Morbi vitae urna nunc. Cras sagittis vulputate enim nec suscipit. Cras ultrices sodales est, et porttitor ipsum tincidunt sit amet. Proin molestie odio a scelerisque accumsan. Pellentesque vulputate lorem vel tellus maximus, vitae accumsan odio sag', 11),
(46, 'Vestibulum placerat vel elit at molestie. Donec commodo, nisl id interdum ornare, leo turpis dignissim nulla, et rutrum ligula ipsum ut justo. Integer at felis hendrerit, scelerisque nulla in, semper nisi. Etiam ac massa ipsum. Sed semper non odio si', 20),
(47, 'Etiam dapibus arcu quis lectus volutpat, ac tempus quam pharetra. Curabitur eget ultricies ligula. Sed mauris ante, vestibulum ac aliquam sed, dignissim in dolor. Cras tempus lorem nec rhoncus sodales. Fusce vitae rutrum lacus. In eros libero, tincid', 19),
(48, 'Phasellus vitae quam id arcu molestie interdum non in eros. Mauris vel vulputate mauris. Praesent dignissim rutrum magna. Nam id ex vitae turpis vestibulum aliquet. Mauris accumsan, nisl id faucibus accumsan, nulla lacus bibendum erat, id suscipit ne', 30),
(52, 'Nullam vitae consequat mi, non tincidunt magna. In hac habitasse platea dictumst. Proin lectus magna, gravida accumsan laoreet id, placerat ut ligula. Vestibulum interdum, risus sit amet ultricies tempus, enim nibh dictum justo, sit amet vestibulum f', 31),
(68, 'Sed et auctor velit, eget aliquam nibh. Phasellus rutrum luctus pulvinar. Pellentesque vel tincidunt elit. Nulla fringilla, mi et varius imperdiet, augue lectus ullamcorper orci, et porta quam massa sodales ligula. Maecenas ornare, quam eget facilisi', 10),
(69, 'Sed et auctor velit, eget aliquam nibh. Phasellus rutrum luctus pulvinar. Pellentesque vel tincidunt elit. Nulla fringilla, mi et varius imperdiet, augue lectus ullamcorper orci, et porta quam massa sodales ligula. Maecenas ornare, quam eget facilisi', 14),
(70, 'Sed et auctor velit, eget aliquam nibh. Phasellus rutrum luctus pulvinar. Pellentesque vel tincidunt elit. Nulla fringilla, mi et varius imperdiet, augue lectus ullamcorper orci, et porta quam massa sodales ligula. Maecenas ornare, quam eget facilisi', 15),
(71, 'Sed et auctor velit, eget aliquam nibh. Phasellus rutrum luctus pulvinar. Pellentesque vel tincidunt elit. Nulla fringilla, mi et varius imperdiet, augue lectus ullamcorper orci, et porta quam massa sodales ligula. Maecenas ornare, quam eget facilisi', 22);

-- --------------------------------------------------------

--
-- Table structure for table `articles`
--

CREATE TABLE `articles` (
  `id` int(6) NOT NULL,
  `title` varchar(250) NOT NULL,
  `content` text NOT NULL,
  `author_id` int(6) NOT NULL,
  `category_id` int(6) NOT NULL,
  `is_approved` tinyint(1) DEFAULT 0,
  `created_at` timestamp NOT NULL DEFAULT current_timestamp()
) ENGINE=InnoDB DEFAULT CHARSET=utf8mb4 COLLATE=utf8mb4_general_ci;

--
-- Dumping data for table `articles`
--

INSERT INTO `articles` (`id`, `title`, `content`, `author_id`, `category_id`, `is_approved`, `created_at`) VALUES
(9, 'Lorem ipsum - the art of creating it', 'Lorem ipsum dolor sit amet, consectetur adipiscing elit. Praesent diam purus, maximus quis convallis id, sagittis vitae felis. Nam ornare tristique ornare. Vestibulum aliquam bibendum ornare. Integer faucibus ut neque id ultrices. Pellentesque habitant morbi tristique senectus et netus et malesuada fames ac turpis egestas. Phasellus euismod, sapien in fermentum dictum, ipsum tortor pellentesque nibh, eget eleifend eros ante et nibh. Maecenas sapien purus, eleifend eget sapien eu, rutrum viverra risus. Nam vitae nisl et nisl auctor euismod. Duis fermentum diam vel commodo mattis.\r\n\r\nDuis est ante, tempus at iaculis eu, fermentum sed nisi. Ut id consectetur felis. Nullam faucibus nulla nec tincidunt finibus. Phasellus auctor dictum metus at pellentesque. Nullam vitae commodo magna. Suspendisse a fringilla nisi. Quisque tristique massa a sapien luctus, non commodo mi vestibulum. Nunc tristique enim eu ex luctus ultricies. Integer ac consequat tortor, eget pulvinar eros. Pellentesque a suscipit dolor. Quisque sapien turpis, lacinia id erat vitae, condimentum convallis tortor. Etiam scelerisque risus in turpis suscipit tincidunt at vel augue. Donec dignissim justo sed faucibus imperdiet. Suspendisse potenti.\r\n\r\nPraesent luctus varius dictum. Integer non dignissim sem, in ultricies nunc. Pellentesque consequat nisi in dictum consectetur. Donec erat risus, dictum at arcu pharetra, egestas hendrerit eros. Praesent non dui ac mi pellentesque ornare non nec mi. Fusce interdum lectus eu lorem ullamcorper consequat. Fusce sodales dui tortor, sed sollicitudin erat suscipit quis.\r\n\r\nAenean tristique dapibus orci vitae convallis. Nullam at metus mi. Curabitur fermentum, elit a rutrum faucibus, libero augue congue velit, nec congue est nunc a orci. Curabitur justo nunc, vestibulum a iaculis quis, volutpat quis diam. Aliquam egestas posuere sem, et varius mi fringilla in. Vivamus nulla nibh, posuere at quam vel, finibus sodales erat. Suspendisse ultrices ex quis vestibulum porttitor. Morbi vitae nisi arcu. Morbi mollis turpis leo, quis vestibulum nisl finibus in. Nulla pharetra congue nisl, at porta dui aliquam ut.\r\n\r\nOrci varius natoque penatibus et magnis dis parturient montes, nascetur ridiculus mus. Pellentesque mollis justo non mollis volutpat. In eget tellus sit amet tortor eleifend ultricies quis in ante. Mauris auctor ipsum ut varius ultrices. Mauris tempor felis molestie massa porta, quis vulputate mi varius. Suspendisse efficitur hendrerit magna a gravida. Pellentesque sed ipsum nec erat tincidunt mollis. In sed enim lectus. Vestibulum tempus, tortor nec sollicitudin euismod, neque elit bibendum sapien, eget efficitur tellus urna nec nisi. Morbi rutrum accumsan metus, a suscipit erat posuere nec. Mauris eget lacus ante. Pellentesque sed tincidunt est, placerat posuere leo. Etiam porttitor sollicitudin mattis. Integer a pellentesque enim. Sed volutpat, mi eget feugiat dictum, nunc erat finibus sem, a porta turpis eros a ante. Ut rutrum sapien nibh, vel aliquet leo vestibulum sed.\r\n\r\nMorbi in nisl facilisis, imperdiet mauris non, vulputate nisl. Aenean mi ante, tincidunt quis sapien et, elementum malesuada nulla. Quisque vitae pharetra est. Fusce nec egestas diam, vitae finibus ex. Integer elit libero, vulputate quis purus viverra, sollicitudin fringilla nulla. Vivamus dictum nisl sem, id sagittis ligula tincidunt a. Nulla dictum enim a urna tincidunt suscipit et vitae elit.\r\n\r\nSed varius ante non turpis maximus, sit amet tristique libero convallis. Integer condimentum dapibus neque et rhoncus. Quisque fermentum enim risus, sed pellentesque mi ultrices ac. Aliquam iaculis faucibus ex, a commodo magna maximus quis. Morbi scelerisque urna augue, a fermentum risus sollicitudin a. Praesent efficitur vestibulum posuere. Class aptent taciti sociosqu ad litora torquent per conubia nostra, per inceptos himenaeos. Sed tempus nulla quis imperdiet tempus.\r\n\r\nFusce id sapien mollis, auctor nunc a, sollicitudin velit. Curabitur erat lorem, rhoncus ut est commodo, porttitor maximus metus. Maecenas convallis ac orci sit amet bibendum. Aliquam sollicitudin nulla in erat condimentum, non ullamcorper ante congue. Donec molestie nisi sed leo facilisis, vel venenatis orci placerat. Donec lacinia ac arcu vel facilisis. Class aptent taciti sociosqu ad litora torquent per conubia nostra, per inceptos himenaeos. Duis quis interdum felis. Morbi eu eros molestie, euismod sem sed, ullamcorper sem. Aliquam laoreet justo sed ex faucibus semper. Integer eu suscipit diam. Vestibulum nec lacinia mi. Ut mattis euismod nisi id dignissim. Maecenas tincidunt, ex a faucibus faucibus, nunc turpis tempor ante, id auctor libero augue et nisi. Aenean accumsan a sem sed porttitor.\r\n\r\nAliquam lorem purus, imperdiet eu tempor a, fringilla sit amet ipsum. Mauris et mollis massa, in dapibus velit. Lorem ipsum dolor sit amet, consectetur adipiscing elit. Pellentesque faucibus, justo in condimentum congue, ligula nunc pulvinar nibh, sit amet ultricies ante dui sed massa. Quisque finibus sagittis odio consectetur pellentesque. Etiam congue porta scelerisque. Phasellus sit amet libero et dui consequat faucibus vel at turpis. Nunc arcu felis, porta nec magna vel, auctor tincidunt mi. In aliquet dignissim massa. Duis quis est sem. Sed id bibendum justo. Aliquam a laoreet velit, ac fermentum nulla. Phasellus aliquet massa neque.\r\n\r\nVivamus non semper libero. Suspendisse mollis fringilla magna eu dapibus. Nunc varius lorem a felis tempor feugiat. Vivamus sapien nisi, lobortis vitae gravida eu, porttitor facilisis felis. Morbi id leo suscipit, dignissim elit vel, fermentum diam. Duis sit amet accumsan nunc. Donec vel purus bibendum ligula accumsan tempus in eu est. Sed arcu nibh, tempor tempor volutpat vitae, convallis in ipsum.', 37, 1, 1, '2023-12-12 08:42:21'),
(10, 'The art of chaos', 'Vivamus ultricies nunc imperdiet, laoreet ipsum vitae, imperdiet risus. Ut viverra eros augue, id hendrerit nibh bibendum pharetra. Aenean lobortis nibh erat, in porttitor dui ornare vitae. Sed eget laoreet odio, non vulputate augue. Sed maximus, tellus nec vehicula efficitur, orci lacus dapibus dui, at hendrerit massa lacus hendrerit sapien. Nam tempus pulvinar dolor a ultrices. Phasellus commodo mauris in urna ultrices viverra. Mauris ultricies, diam nec ornare finibus, ex ligula laoreet ipsum, in dictum lacus leo vitae ipsum. Aenean faucibus, lectus eu convallis molestie, lacus nunc varius lorem, eget feugiat odio nunc ut arcu.\r\n\r\nInterdum et malesuada fames ac ante ipsum primis in faucibus. Nam nulla erat, ultricies id consectetur ut, cursus vel augue. Donec posuere nisi vitae ex gravida viverra. Ut non ante turpis. Proin venenatis tellus eget sodales porta. Praesent rutrum turpis in velit ultrices, a convallis orci fermentum. Morbi sed orci ornare, bibendum urna sed, pulvinar purus. Ut maximus ante lorem, quis euismod arcu egestas mollis. Nunc varius dolor tellus. Aenean vel ultrices urna.\r\n\r\nNam sodales maximus lectus ut dictum. Phasellus viverra nibh ut tortor imperdiet faucibus. Donec congue nunc ut purus posuere, sit amet commodo dolor finibus. Curabitur volutpat, massa quis facilisis tempus, elit nunc vulputate justo, eu hendrerit erat urna at ligula. Phasellus id volutpat neque, vel lobortis ex. Ut volutpat tortor ex, sit amet condimentum ex pharetra placerat. Fusce quis felis id quam aliquet malesuada. Nunc vestibulum leo et lectus pharetra, ornare sollicitudin magna dapibus. Morbi sit amet suscipit leo, a mattis risus. Sed eget nibh dui. Vivamus sed sagittis nisi. Proin vulputate sem vel turpis dapibus vehicula. Praesent neque augue, luctus vitae tortor eget, elementum sollicitudin ante. Morbi ac pellentesque massa. Nullam nec dui justo. Sed scelerisque, nunc quis faucibus tincidunt, libero justo porttitor libero, eget porta nunc leo quis magna.\r\n\r\nNunc accumsan rhoncus odio. Sed pellentesque leo sit amet sapien facilisis, quis mattis velit ornare. Morbi convallis vel nisi sit amet venenatis. Duis efficitur egestas dui, sed faucibus massa congue at. Vestibulum maximus lacinia pharetra. Vestibulum venenatis at justo id tincidunt. Donec sit amet eros ligula. Pellentesque urna tortor, viverra vel faucibus id, varius non lacus. Aliquam hendrerit leo vitae malesuada elementum. Praesent id augue et ligula porttitor blandit et a diam. Pellentesque vehicula pulvinar lacus, sit amet egestas ligula blandit at. Donec eu nunc quam.\r\n\r\nVestibulum et nunc neque. Curabitur fermentum urna sed lectus sodales efficitur. In efficitur, orci sed ultricies feugiat, dui libero hendrerit sem, cursus pulvinar diam nibh eu quam. Donec dapibus venenatis sollicitudin. Fusce vitae commodo dolor. Proin in diam ipsum. Nulla vestibulum sollicitudin tortor. Praesent vel dolor ullamcorper, fringilla mauris et, ultrices turpis. Class aptent taciti sociosqu ad litora torquent per conubia nostra, per inceptos himenaeos. Aliquam justo mauris, auctor quis sapien sit amet.', 37, 1, 0, '2023-12-12 08:42:47'),
(11, 'Artistic Lorem Ipsum', 'Aenean vel velit pretium, molestie augue non, fermentum sem. Vivamus a fringilla dui. Proin arcu enim, hendrerit eget condimentum at, pellentesque sed velit. Pellentesque bibendum vitae purus non convallis. Nam non efficitur diam. Fusce porttitor quis sapien ut ullamcorper. Suspendisse euismod, nisi sit amet feugiat luctus, quam nisi tempus odio, eu mollis est leo vitae felis. Cras at risus facilisis, vestibulum purus nec, posuere sem. Donec bibendum gravida dapibus. Sed nisl turpis, dictum ac odio in, mollis facilisis elit. Fusce condimentum iaculis pharetra. Phasellus facilisis euismod fringilla. Etiam facilisis nisi quis quam egestas vehicula.\r\n\r\nCurabitur suscipit aliquet aliquet. Fusce mattis fermentum ante vitae sollicitudin. Integer convallis risus nisl, ac dapibus metus ultricies sed. Donec efficitur venenatis nisi sed sollicitudin. Duis blandit tristique facilisis. Praesent dapibus, diam ut lacinia blandit, ligula metus fringilla magna, sit amet pellentesque sem urna vitae neque. Cras id metus et orci laoreet volutpat quis sit amet ex. Aenean at libero sed leo euismod bibendum vel id urna. Nam ac odio dapibus, convallis risus ut, commodo nibh. Class aptent taciti sociosqu ad litora torquent per conubia nostra, per inceptos himenaeos. Fusce dictum orci et tempor tempor. Vestibulum et accumsan quam. Donec pharetra dui id hendrerit feugiat.\r\n\r\nSuspendisse potenti. Nam luctus felis vel dui consectetur, non porttitor felis varius. In tortor nisl, blandit ac tincidunt vel, congue in lorem. Maecenas tincidunt porttitor augue, vel aliquet mauris placerat nec. Nam et porta dui. Interdum et malesuada fames ac ante ipsum primis in faucibus. Etiam tincidunt ullamcorper felis, bibendum suscipit mi sodales ac. Nulla sapien erat, viverra blandit posuere id, tempus non massa.\r\nLorem ipsum dolor sit amet, consectetur adipiscing elit. Mauris tempor, neque non lacinia consequat, nibh nisl facilisis ante, scelerisque dictum nisl elit non odio. Fusce ac blandit elit. Nam malesuada purus a tristique sollicitudin. Pellentesque quis posuere arcu. Integer nec mauris vel sapien tincidunt faucibus. Fusce maximus fermentum odio, ut vehicula nulla rutrum ut. Nulla at tincidunt leo. Maecenas ultricies enim vitae leo convallis, non aliquam velit scelerisque. Phasellus molestie pretium elit, id malesuada diam mattis id. Sed dignissim neque sit amet quam auctor viverra. Aliquam rhoncus tellus faucibus dui hendrerit, vitae sagittis tortor vulputate. Fusce in auctor enim. Maecenas dolor erat, iaculis congue euismod a, viverra sed dolor. In id elit purus. Duis at sem eget augue tincidunt commodo ac finibus erat.\r\n\r\nAenean vel velit pretium, molestie augue non, fermentum sem. Vivamus a fringilla dui. Proin arcu enim, hendrerit eget condimentum at, pellentesque sed velit. Pellentesque bibendum vitae purus non convallis. Nam non efficitur diam. Fusce porttitor quis sapien ut ullamcorper. Suspendisse euismod, nisi sit amet feugiat luctus, quam nisi tempus odio, eu mollis est leo vitae felis. Cras at risus facilisis, vestibulum purus nec, posuere sem. Donec bibendum gravida dapibus. Sed nisl turpis, dictum ac odio in, mollis facilisis elit. Fusce condimentum iaculis pharetra. Phasellus facilisis euismod fringilla. Etiam facilisis nisi quis quam egestas vehicula.', 37, 1, 0, '2023-12-12 08:44:37'),
(12, 'Technicality behind Lorem Ipsum', 'Curabitur suscipit aliquet aliquet. Fusce mattis fermentum ante vitae sollicitudin. Integer convallis risus nisl, ac dapibus metus ultricies sed. Donec efficitur venenatis nisi sed sollicitudin. Duis blandit tristique facilisis. Praesent dapibus, diam ut lacinia blandit, ligula metus fringilla magna, sit amet pellentesque sem urna vitae neque. Cras id metus et orci laoreet volutpat quis sit amet ex. Aenean at libero sed leo euismod bibendum vel id urna. Nam ac odio dapibus, convallis risus ut, commodo nibh. Class aptent taciti sociosqu ad litora torquent per conubia nostra, per inceptos himenaeos. Fusce dictum orci et tempor tempor. Vestibulum et accumsan quam. Donec pharetra dui id hendrerit feugiat.\r\n\r\nSuspendisse potenti. Nam luctus felis vel dui consectetur, non porttitor felis varius. In tortor nisl, blandit ac tincidunt vel, congue in lorem. Maecenas tincidunt porttitor augue, vel aliquet mauris placerat nec. Nam et porta dui. Interdum et malesuada fames ac ante ipsum primis in faucibus. Etiam tincidunt ullamcorper felis, bibendum suscipit mi sodales ac. Nulla sapien erat, viverra blandit posuere id, tempus non massa.\r\n\r\nUt massa elit, maximus sit amet efficitur sed, egestas in turpis. In in diam lorem. In faucibus lorem ipsum, nec vehicula ipsum semper et. Ut vel sapien ut ipsum facilisis ultrices vitae dictum felis. Suspendisse dui felis, posuere sed convallis eget, eleifend nec nisl. Maecenas auctor mollis semper. Integer imperdiet iaculis mi, ut condimentum dui consequat quis. Donec tellus justo, convallis id mi ut, ornare molestie lorem. Nulla et elit ultricies, finibus risus a, rhoncus nunc. Cras ultrices libero quis augue dictum euismod. Aenean eget viverra nisl. Aliquam gravida viverra dictum. Sed tincidunt, neque vitae euismod mollis, magna arcu ornare dui, a iaculis lacus ante ut risus.\r\n\r\nVivamus eget pellentesque ante, vel consequat metus. Aenean porta urna vitae massa lacinia fringilla. Praesent tempus facilisis faucibus. Suspendisse tempus orci laoreet semper condimentum. Sed arcu felis, vestibulum et tellus non, maximus porttitor ligula. Nam tempor tristique lacus at euismod. Quisque in tellus nec nulla lacinia pulvinar id eu ex.\r\n\r\nMorbi sit amet bibendum leo. Nunc tempor consectetur diam sit amet ullamcorper. Curabitur malesuada nibh consectetur, semper mi sit amet, vulputate massa. Ut sed quam orci. Nunc vitae mauris suscipit velit rhoncus placerat. In eu molestie metus, ut efficitur lacus. Vivamus id venenatis lacus. Nam venenatis purus vel ligula ultricies, sed finibus nibh dictum. Nulla finibus dictum purus ac fringilla. Praesent viverra erat est, in congue libero interdum quis. Proin dapibus ex mi, id elementum nunc condimentum vel. Donec interdum augue purus, eget molestie augue tincidunt quis. Ut vel vestibulum lorem, vel malesuada est. Proin mollis euismod arcu, vel dapibus nibh scelerisque a. Morbi vel metus maximus enim pretium iaculis. Vestibulum vitae ullamcorper massa.\r\n\r\nMaecenas faucibus suscipit risus quis aliquam. Vestibulum et pharetra metus. Nulla efficitur nunc quis enim sodales consequat. Nullam lobortis rhoncus augue sed consequat. Donec placerat fermentum est at congue. Cras dapibus interdum magna, et tempor tellus pulvinar hendrerit. Aenean volutpat, tellus ut imperdiet maximus, nulla magna tincidunt elit, blandit ullamcorper neque mauris a diam. Nam sagittis et felis vitae molestie. Nulla fermentum in lorem sed laoreet.', 37, 2, 1, '2023-12-12 08:47:40'),
(13, 'Lorem Ipsum - is it technical?', 'Morbi ipsum urna, pulvinar et sollicitudin pellentesque, ultricies quis mauris. Morbi rutrum dapibus tristique. Aenean eget sagittis dui. Mauris eget dui neque. Etiam vestibulum, mi vel viverra malesuada, metus leo eleifend libero, eget cursus neque lacus vel lorem. Fusce cursus est ac feugiat tincidunt. Donec quis porta velit. Aliquam ultricies nisl id massa porta congue. Fusce dapibus posuere nisl, et gravida ex ultricies in. Praesent sed purus iaculis, mattis sem ut, interdum neque. Quisque leo velit, efficitur a sagittis sed, molestie ac dolor. Fusce mollis lacinia nibh, et posuere sem tempus eu. Cras interdum ex ut turpis mattis porttitor.\r\n\r\nInteger leo tortor, euismod interdum lectus nec, commodo tincidunt urna. Vestibulum dictum enim nec vulputate convallis. Maecenas ut justo fermentum, vestibulum massa non, congue enim. Praesent at metus ut nisi cursus molestie. Maecenas dignissim eu mauris id pellentesque. In et tempus diam, at porta sapien. Curabitur non libero sit amet ligula vehicula sagittis. In sodales pellentesque ligula, sit amet sodales elit faucibus at. Pellentesque lobortis, lectus nec posuere faucibus, mi tortor lobortis elit, sit amet euismod ex nulla eu ipsum. Nulla sagittis tortor tortor, eu interdum ipsum consectetur sit amet. Sed vel erat vel nulla fringilla sodales elementum sit amet ex. Mauris urna diam, pellentesque id turpis ac, sodales varius orci. Pellentesque lobortis varius sem, at dignissim odio pharetra eu. Suspendisse rhoncus orci quis lacinia sollicitudin.\r\n\r\nMorbi pretium ante vitae nisi eleifend, nec varius lorem commodo. Donec scelerisque diam non turpis pulvinar, non suscipit purus vestibulum. Mauris sagittis dolor a bibendum egestas. Etiam eu ullamcorper lectus. Donec finibus nisl sed orci blandit, ut rhoncus massa efficitur. Cras et tristique turpis. Etiam ut eros augue. Sed id mattis velit, at sollicitudin nulla. Proin tempor ac sem non tempor. Phasellus vestibulum quis justo sit amet tincidunt. Sed tempus iaculis urna vitae porta. Lorem ipsum dolor sit amet, consectetur adipiscing elit.', 37, 2, 1, '2023-12-12 08:48:06'),
(14, 'The art of transforming anything in something technical', 'nteger mattis, ante nec lacinia lacinia, nisi diam fermentum neque, a varius mauris orci ut felis. Maecenas ac nisl non sem bibendum consequat. Duis facilisis finibus diam volutpat condimentum. Sed eget nibh et ex varius faucibus. Etiam elit ex, accumsan nec iaculis at, aliquam non odio. Nullam nec nibh lacinia, hendrerit massa vel, pharetra erat. Sed tempus sollicitudin ultricies. Nullam sit amet dolor finibus, sodales erat a, tempus nunc. Vivamus iaculis neque ut blandit egestas. Donec auctor iaculis varius. Maecenas convallis orci nec mauris bibendum pulvinar. Morbi laoreet ultrices arcu ac congue. Integer vestibulum gravida turpis sed imperdiet. Aliquam erat volutpat.\r\n\r\nNullam eget varius tortor. Curabitur at odio ultricies, vestibulum dolor quis, sodales ante. Curabitur varius interdum metus, eget commodo est rutrum mattis. Pellentesque non velit id ipsum condimentum cursus. Etiam pretium velit eget fringilla semper. Morbi quis eros porta arcu dictum molestie id id elit. Nam pellentesque nec risus vel tempus. Nunc vel laoreet ipsum. Donec imperdiet lectus aliquam elit luctus, in fringilla elit aliquet. Integer non varius lorem, et molestie velit. Aliquam erat volutpat.\r\n\r\nNulla ullamcorper, nunc et porta hendrerit, tortor erat tincidunt massa, vel vulputate nisi mauris non purus. Cras faucibus fringilla turpis, eu ullamcorper ex semper a. Phasellus feugiat maximus aliquam. Aliquam ac laoreet risus. Proin semper augue a laoreet dictum. Suspendisse sollicitudin, enim nec condimentum consequat, lacus magna venenatis turpis, vitae porttitor libero diam ac urna. Fusce egestas, lacus vitae lacinia lacinia, urna mauris ornare odio, et vestibulum magna lorem aliquet ex.\r\n\r\nDuis ornare auctor ullamcorper. Curabitur luctus nulla at semper eleifend. Aliquam at efficitur metus. Proin tempor scelerisque magna eu ultricies. Maecenas sodales ultricies dictum. Sed lectus tortor, posuere viverra eros quis, tincidunt luctus ligula. Nunc auctor est eu neque laoreet molestie.\r\n\r\nFusce lorem purus, consequat vitae sollicitudin sed, pulvinar nec massa. Ut in mollis nunc, ut dictum felis. Etiam molestie ultrices risus, nec pretium felis feugiat a. Cras tempus tempus massa aliquam interdum. Curabitur tristique ullamcorper turpis, ut venenatis odio. Vivamus nec libero elementum, mattis orci in, egestas eros. Nulla elit quam, auctor fringilla purus et, maximus rutrum purus. Curabitur id efficitur dolor, in auctor ipsum. Sed scelerisque ligula ut mi scelerisque, sed sodales neque sagittis. Suspendisse vel dignissim erat. Suspendisse potenti.', 37, 2, 0, '2023-12-12 08:49:13'),
(15, 'Scientology - let\'s see what this means', 'Sed sit amet dolor enim. Lorem ipsum dolor sit amet, consectetur adipiscing elit. Fusce ipsum ipsum, venenatis in nunc et, sodales tempor arcu. Pellentesque at urna dui. Morbi dignissim vestibulum lobortis. Quisque ac nunc lorem. Aenean nec blandit ante. Aliquam ut rutrum enim, eget vestibulum ipsum. Cras auctor porta leo, at suscipit urna mattis faucibus.\r\n\r\nDuis vel vulputate odio. Fusce venenatis tortor ac ipsum luctus accumsan eget a metus. Proin consectetur, metus eget lobortis pulvinar, nisl mauris varius nibh, in bibendum sapien mi sed massa. Duis laoreet ut sem in tempor. Nunc posuere quam vel sodales faucibus. Sed aliquet leo varius nulla ultrices congue. Nulla facilisi. Maecenas tortor sem, aliquet eget finibus quis, tincidunt non ante. Quisque ut ultricies augue, non blandit ipsum. Ut orci dui, porta in justo et, iaculis consequat ipsum. Sed pulvinar iaculis enim quis tincidunt.\r\n\r\nSuspendisse pellentesque diam nibh, sed elementum lectus fringilla vitae. Maecenas vulputate sem tellus, et interdum tortor lacinia vel. Integer ornare venenatis magna, in interdum diam fermentum a. Nulla mauris velit, rhoncus vel varius ac, sollicitudin sed nisl. Pellentesque sagittis elit in nulla venenatis pretium. Etiam commodo euismod lacinia. Donec varius enim ac leo aliquet feugiat. Aenean ligula felis, hendrerit id sem id, lacinia venenatis nisl. Nam tincidunt enim ac porttitor luctus. Etiam faucibus ac ante mattis hendrerit. Donec tristique vel justo ut volutpat. Aliquam pretium malesuada risus molestie mattis. Phasellus scelerisque laoreet urna tempor luctus.\r\n\r\nAliquam ac massa mauris. Mauris scelerisque, tortor sed posuere suscipit, lectus nulla sodales ligula, at imperdiet lorem nunc vitae massa. Morbi sed ante eget mi faucibus commodo at vestibulum nisl. Nulla nec pulvinar quam, sit amet commodo massa. Duis nulla nisl, convallis eget augue in, aliquam cursus diam. Proin libero leo, pulvinar eu nisl nec, egestas convallis est. Sed et venenatis enim. Proin tempus nec mauris vitae tempus. Interdum et malesuada fames ac ante ipsum primis in faucibus. Curabitur varius, nisi euismod vestibulum bibendum, augue tellus efficitur tellus, a eleifend arcu diam vitae lacus. Vestibulum lacinia est sit amet luctus efficitur. Donec in justo vitae nisl fermentum luctus id vitae est. Nullam volutpat, dolor id ornare rutrum, purus quam tristique felis, at auctor ipsum eros non felis. Vivamus porttitor risus eget nunc dictum consequat. Integer at mattis ipsum, id suscipit purus.\r\n\r\nCras ullamcorper magna in iaculis auctor. Mauris congue nisl turpis, quis facilisis risus vulputate quis. Mauris elementum cursus felis, venenatis lobortis massa commodo accumsan. In hac habitasse platea dictumst. Cras hendrerit vitae ante et laoreet. Nam semper, ipsum sit amet pharetra facilisis, sem sem elementum nisi, ut fermentum lorem lacus a turpis. Sed rutrum turpis ac risus sagittis, non rhoncus purus dictum. Phasellus efficitur, magna a dictum finibus, elit nulla laoreet justo, sed convallis urna mi et mauris. Suspendisse et posuere diam. Nulla elit nulla, bibendum facilisis massa vel, feugiat suscipit ante. Nulla ornare venenatis accumsan. Fusce nec mauris lorem.\r\n\r\nAenean pulvinar tempor vulputate. Nam ac commodo nunc. Nullam mollis, turpis nec ultrices interdum, est est lobortis velit, in euismod nibh turpis id sapien. Pellentesque imperdiet ex vitae risus iaculis pharetra. Vestibulum non tempus orci, sed luctus risus. Praesent sem augue, feugiat ut varius ac, volutpat in felis. Nunc vel vestibulum mi. Aliquam lacinia pharetra erat a dictum. Maecenas purus ante, consequat sed risus id, porta mollis ante. Curabitur egestas porttitor velit, sit amet ornare erat interdum et. Lorem ipsum dolor sit amet, consectetur adipiscing elit. Proin in facilisis tortor. Fusce non convallis velit, sed tincidunt enim.', 37, 3, 0, '2023-12-12 08:50:00'),
(16, 'The Science behind Lorem Ipsum', 'Phasellus aliquam massa quis condimentum rutrum. Morbi laoreet vestibulum ipsum a imperdiet. Aenean tempus a augue et porta. Phasellus venenatis, nibh eu vehicula suscipit, sem enim gravida neque, a ultrices lacus ligula non tortor. Praesent sagittis felis eget dolor porta dignissim. Nunc placerat turpis ex, at consequat justo dignissim quis. Class aptent taciti sociosqu ad litora torquent per conubia nostra, per inceptos himenaeos. Donec nec interdum velit, quis auctor purus.\r\n\r\nPellentesque neque tortor, condimentum quis dapibus nec, bibendum ac magna. Sed non tristique enim, quis pretium orci. Cras erat nunc, tempor suscipit neque tempor, cursus bibendum ligula. Praesent ut nunc at nibh scelerisque viverra. Quisque congue efficitur auctor. Ut at efficitur dui. Proin cursus ultrices sapien. Quisque dignissim est et mi feugiat tincidunt. Nullam metus lorem, eleifend commodo libero ut, vehicula venenatis nulla. Duis eget est in velit mattis commodo vel ac metus.\r\n\r\nFusce nulla sem, ultricies at metus id, tincidunt vulputate mauris. Vivamus sit amet tempor justo. Curabitur rutrum risus metus. Phasellus et nibh a urna eleifend tristique. Aenean quis velit fermentum ligula commodo congue. Nunc convallis felis ac feugiat ultrices. Fusce eget luctus neque, eget elementum risus. Aenean ultricies elementum dolor, quis lacinia turpis auctor et. Etiam vel dolor volutpat, dignissim arcu quis, fringilla nisl. In eget justo nec leo porttitor placerat at quis turpis. Curabitur sed ante id tortor imperdiet ullamcorper. Aliquam ullamcorper ipsum at nulla commodo congue. Mauris dictum scelerisque blandit. Donec id velit a mi posuere cursus. Quisque tristique luctus enim, malesuada tempor turpis condimentum vel. Nunc ut mi eget sem egestas posuere a finibus enim.\r\n\r\nInteger sit amet sodales tellus. Duis faucibus leo felis, sit amet rhoncus neque venenatis vitae. Quisque volutpat libero nec justo convallis feugiat. Orci varius natoque penatibus et magnis dis parturient montes, nascetur ridiculus mus. Proin sed risus metus. Pellentesque quis tincidunt nulla. Curabitur ut consequat magna. Proin non turpis eleifend, volutpat augue suscipit, pellentesque neque. Suspendisse elementum accumsan ipsum, a euismod arcu luctus ac. Cras tempus felis non magna feugiat aliquet. Sed sit amet metus interdum, sodales leo quis, facilisis nunc. Maecenas bibendum purus id arcu pulvinar, at interdum nisl tincidunt. Maecenas vitae urna feugiat nunc pulvinar porta. Donec sit amet semper justo.\r\n\r\nNullam fermentum eros non orci blandit, in interdum velit efficitur. Nam malesuada turpis leo, et porta massa aliquam eu. Vestibulum vitae libero sit amet nibh tincidunt ornare. Nullam ultrices leo a libero congue porttitor elementum eu neque. Vestibulum maximus nisi nec ipsum cursus fringilla. Vestibulum sit amet enim lobortis, sagittis quam egestas, hendrerit arcu. Integer diam diam, euismod ut semper eget, porttitor et elit. Nulla feugiat purus sed interdum placerat. Quisque pharetra ante id tellus mattis porttitor. Nunc sed nibh at dui euismod maximus vitae in urna. Morbi placerat lorem sed dui mollis ultricies. Quisque venenatis lectus eget blandit sodales.', 37, 3, 1, '2023-12-12 08:50:34'),
(17, 'Is science dead?', 'Integer a odio nec sem mollis rhoncus. Sed vehicula, dolor quis imperdiet sodales, orci ex fermentum nulla, eget pellentesque quam tortor et sapien. Nunc vulputate odio condimentum, aliquam quam vel, placerat nunc. Etiam dignissim vehicula nisi id elementum. Nam pulvinar augue diam, quis egestas sapien posuere non. In id mauris dui. Cras pretium ex vel magna condimentum, vel molestie arcu finibus. Pellentesque malesuada urna orci, a blandit neque varius non. Proin sagittis consequat arcu, vitae rutrum mauris egestas in.\r\n\r\nNulla ante ligula, tristique quis scelerisque sed, condimentum sollicitudin libero. Nunc dapibus scelerisque orci eu lobortis. Aliquam elit lacus, maximus in felis in, iaculis pretium justo. In sit amet purus blandit, malesuada nunc eu, vestibulum nulla. Quisque dictum ligula eu turpis venenatis, ut fermentum odio pretium. Nunc maximus tellus nunc, quis porta erat dignissim ut. Maecenas et bibendum leo, vitae hendrerit nisl. Sed laoreet malesuada rutrum. Maecenas viverra metus orci, placerat efficitur ante convallis sed.\r\n\r\nAliquam lacinia quam pharetra metus vehicula maximus. Phasellus volutpat diam et tortor finibus ornare. Etiam eleifend ligula ut imperdiet imperdiet. Cras quis efficitur sem. Nullam non maximus magna. Sed mi urna, dapibus et venenatis eu, aliquam vel eros. Integer id diam rhoncus, convallis dolor sed, bibendum nisl. Cras velit neque, rhoncus eget egestas id, euismod nec magna. Duis sed turpis odio. Curabitur euismod diam id ante maximus aliquet. Nunc imperdiet scelerisque metus, accumsan accumsan ex dictum et. Maecenas vehicula lacinia ullamcorper. Nullam elementum varius accumsan. Nulla congue sed tellus id congue. Donec massa erat, congue non metus ut, feugiat finibus ex. Ut vestibulum, ipsum sed rhoncus hendrerit, tellus diam accumsan tellus, eget vulputate erat sapien dignissim mauris.\r\n\"Neque porro quisquam est qui dolorem ipsum quia dolor sit amet, consectetur, adipisci velit...\"', 37, 3, 1, '2023-12-12 08:51:36'),
(18, 'London Fashion week', 'Ut massa elit, maximus sit amet efficitur sed, egestas in turpis. In in diam lorem. In faucibus lorem ipsum, nec vehicula ipsum semper et. Ut vel sapien ut ipsum facilisis ultrices vitae dictum felis. Suspendisse dui felis, posuere sed convallis eget, eleifend nec nisl. Maecenas auctor mollis semper. Integer imperdiet iaculis mi, ut condimentum dui consequat quis. Donec tellus justo, convallis id mi ut, ornare molestie lorem. Nulla et elit ultricies, finibus risus a, rhoncus nunc. Cras ultrices libero quis augue dictum euismod. Aenean eget viverra nisl. Aliquam gravida viverra dictum. Sed tincidunt, neque vitae euismod mollis, magna arcu ornare dui, a iaculis lacus ante ut risus.\r\n\r\nVivamus eget pellentesque ante, vel consequat metus. Aenean porta urna vitae massa lacinia fringilla. Praesent tempus facilisis faucibus. Suspendisse tempus orci laoreet semper condimentum. Sed arcu felis, vestibulum et tellus non, maximus porttitor ligula. Nam tempor tristique lacus at euismod. Quisque in tellus nec nulla lacinia pulvinar id eu ex.\r\n\r\nMorbi sit amet bibendum leo. Nunc tempor consectetur diam sit amet ullamcorper. Curabitur malesuada nibh consectetur, semper mi sit amet, vulputate massa. Ut sed quam orci. Nunc vitae mauris suscipit velit rhoncus placerat. In eu molestie metus, ut efficitur lacus. Vivamus id venenatis lacus. Nam venenatis purus vel ligula ultricies, sed finibus nibh dictum. Nulla finibus dictum purus ac fringilla. Praesent viverra erat est, in congue libero interdum quis. Proin dapibus ex mi, id elementum nunc condimentum vel. Donec interdum augue purus, eget molestie augue tincidunt quis. Ut vel vestibulum lorem, vel malesuada est. Proin mollis euismod arcu, vel dapibus nibh scelerisque a. Morbi vel metus maximus enim pretium iaculis. Vestibulum vitae ullamcorper massa.\r\n\r\nMaecenas faucibus suscipit risus quis aliquam. Vestibulum et pharetra metus. Nulla efficitur nunc quis enim sodales consequat. Nullam lobortis rhoncus augue sed consequat. Donec placerat fermentum est at congue. Cras dapibus interdum magna, et tempor tellus pulvinar hendrerit. Aenean volutpat, tellus ut imperdiet maximus, nulla magna tincidunt elit, blandit ullamcorper neque mauris a diam. Nam sagittis et felis vitae molestie. Nulla fermentum in lorem sed laoreet.\r\n\r\nMorbi ipsum urna, pulvinar et sollicitudin pellentesque, ultricies quis mauris. Morbi rutrum dapibus tristique. Aenean eget sagittis dui. Mauris eget dui neque. Etiam vestibulum, mi vel viverra malesuada, metus leo eleifend libero, eget cursus neque lacus vel lorem. Fusce cursus est ac feugiat tincidunt. Donec quis porta velit. Aliquam ultricies nisl id massa porta congue. Fusce dapibus posuere nisl, et gravida ex ultricies in. Praesent sed purus iaculis, mattis sem ut, interdum neque. Quisque leo velit, efficitur a sagittis sed, molestie ac dolor. Fusce mollis lacinia nibh, et posuere sem tempus eu. Cras interdum ex ut turpis mattis porttitor.\r\n\r\nInteger leo tortor, euismod interdum lectus nec, commodo tincidunt urna. Vestibulum dictum enim nec vulputate convallis. Maecenas ut justo fermentum, vestibulum massa non, congue enim. Praesent at metus ut nisi cursus molestie. Maecenas dignissim eu mauris id pellentesque. In et tempus diam, at porta sapien. Curabitur non libero sit amet ligula vehicula sagittis. In sodales pellentesque ligula, sit amet sodales elit faucibus at. Pellentesque lobortis, lectus nec posuere faucibus, mi tortor lobortis elit, sit amet euismod ex nulla eu ipsum. Nulla sagittis tortor tortor, eu interdum ipsum consectetur sit amet. Sed vel erat vel nulla fringilla sodales elementum sit amet ex. Mauris urna diam, pellentesque id turpis ac, sodales varius orci. Pellentesque lobortis varius sem, at dignissim odio pharetra eu. Suspendisse rhoncus orci quis lacinia sollicitudin.\r\n\r\nMorbi pretium ante vitae nisi eleifend, nec varius lorem commodo. Donec scelerisque diam non turpis pulvinar, non suscipit purus vestibulum. Mauris sagittis dolor a bibendum egestas. Etiam eu ullamcorper lectus. Donec finibus nisl sed orci blandit, ut rhoncus massa efficitur. Cras et tristique turpis. Etiam ut eros augue. Sed id mattis velit, at sollicitudin nulla. Proin tempor ac sem non tempor. Phasellus vestibulum quis justo sit amet tincidunt. Sed tempus iaculis urna vitae porta. Lorem ipsum dolor sit amet, consectetur adipiscing elit.\r\n\r\nInteger mattis, ante nec lacinia lacinia, nisi diam fermentum neque, a varius mauris orci ut felis. Maecenas ac nisl non sem bibendum consequat. Duis facilisis finibus diam volutpat condimentum. Sed eget nibh et ex varius faucibus. Etiam elit ex, accumsan nec iaculis at, aliquam non odio. Nullam nec nibh lacinia, hendrerit massa vel, pharetra erat. Sed tempus sollicitudin ultricies. Nullam sit amet dolor finibus, sodales erat a, tempus nunc. Vivamus iaculis neque ut blandit egestas. Donec auctor iaculis varius. Maecenas convallis orci nec mauris bibendum pulvinar. Morbi laoreet ultrices arcu ac congue. Integer vestibulum gravida turpis sed imperdiet. Aliquam erat volutpat.\r\n\r\nNullam eget varius tortor. Curabitur at odio ultricies, vestibulum dolor quis, sodales ante. Curabitur varius interdum metus, eget commodo est rutrum mattis. Pellentesque non velit id ipsum condimentum cursus. Etiam pretium velit eget fringilla semper. Morbi quis eros porta arcu dictum molestie id id elit. Nam pellentesque nec risus vel tempus. Nunc vel laoreet ipsum. Donec imperdiet lectus aliquam elit luctus, in fringilla elit aliquet. Integer non varius lorem, et molestie velit. Aliquam erat volutpat.', 37, 4, 1, '2023-12-12 08:52:13'),
(19, 'Fashionista - how to become one', 'Nulla ullamcorper, nunc et porta hendrerit, tortor erat tincidunt massa, vel vulputate nisi mauris non purus. Cras faucibus fringilla turpis, eu ullamcorper ex semper a. Phasellus feugiat maximus aliquam. Aliquam ac laoreet risus. Proin semper augue a laoreet dictum. Suspendisse sollicitudin, enim nec condimentum consequat, lacus magna venenatis turpis, vitae porttitor libero diam ac urna. Fusce egestas, lacus vitae lacinia lacinia, urna mauris ornare odio, et vestibulum magna lorem aliquet ex.\r\n\r\nDuis ornare auctor ullamcorper. Curabitur luctus nulla at semper eleifend. Aliquam at efficitur metus. Proin tempor scelerisque magna eu ultricies. Maecenas sodales ultricies dictum. Sed lectus tortor, posuere viverra eros quis, tincidunt luctus ligula. Nunc auctor est eu neque laoreet molestie.\r\n\r\nFusce lorem purus, consequat vitae sollicitudin sed, pulvinar nec massa. Ut in mollis nunc, ut dictum felis. Etiam molestie ultrices risus, nec pretium felis feugiat a. Cras tempus tempus massa aliquam interdum. Curabitur tristique ullamcorper turpis, ut venenatis odio. Vivamus nec libero elementum, mattis orci in, egestas eros. Nulla elit quam, auctor fringilla purus et, maximus rutrum purus. Curabitur id efficitur dolor, in auctor ipsum. Sed scelerisque ligula ut mi scelerisque, sed sodales neque sagittis. Suspendisse vel dignissim erat. Suspendisse potenti.\r\n\r\nSed sit amet dolor enim. Lorem ipsum dolor sit amet, consectetur adipiscing elit. Fusce ipsum ipsum, venenatis in nunc et, sodales tempor arcu. Pellentesque at urna dui. Morbi dignissim vestibulum lobortis. Quisque ac nunc lorem. Aenean nec blandit ante. Aliquam ut rutrum enim, eget vestibulum ipsum. Cras auctor porta leo, at suscipit urna mattis faucibus.\r\n\r\nDuis vel vulputate odio. Fusce venenatis tortor ac ipsum luctus accumsan eget a metus. Proin consectetur, metus eget lobortis pulvinar, nisl mauris varius nibh, in bibendum sapien mi sed massa. Duis laoreet ut sem in tempor. Nunc posuere quam vel sodales faucibus. Sed aliquet leo varius nulla ultrices congue. Nulla facilisi. Maecenas tortor sem, aliquet eget finibus quis, tincidunt non ante. Quisque ut ultricies augue, non blandit ipsum. Ut orci dui, porta in justo et, iaculis consequat ipsum. Sed pulvinar iaculis enim quis tincidunt.', 37, 4, 0, '2023-12-12 08:52:39'),
(20, 'Lorem Ipsum - the fashion behind it', 'Suspendisse pellentesque diam nibh, sed elementum lectus fringilla vitae. Maecenas vulputate sem tellus, et interdum tortor lacinia vel. Integer ornare venenatis magna, in interdum diam fermentum a. Nulla mauris velit, rhoncus vel varius ac, sollicitudin sed nisl. Pellentesque sagittis elit in nulla venenatis pretium. Etiam commodo euismod lacinia. Donec varius enim ac leo aliquet feugiat. Aenean ligula felis, hendrerit id sem id, lacinia venenatis nisl. Nam tincidunt enim ac porttitor luctus. Etiam faucibus ac ante mattis hendrerit. Donec tristique vel justo ut volutpat. Aliquam pretium malesuada risus molestie mattis. Phasellus scelerisque laoreet urna tempor luctus.\r\n\r\nAliquam ac massa mauris. Mauris scelerisque, tortor sed posuere suscipit, lectus nulla sodales ligula, at imperdiet lorem nunc vitae massa. Morbi sed ante eget mi faucibus commodo at vestibulum nisl. Nulla nec pulvinar quam, sit amet commodo massa. Duis nulla nisl, convallis eget augue in, aliquam cursus diam. Proin libero leo, pulvinar eu nisl nec, egestas convallis est. Sed et venenatis enim. Proin tempus nec mauris vitae tempus. Interdum et malesuada fames ac ante ipsum primis in faucibus. Curabitur varius, nisi euismod vestibulum bibendum, augue tellus efficitur tellus, a eleifend arcu diam vitae lacus. Vestibulum lacinia est sit amet luctus efficitur. Donec in justo vitae nisl fermentum luctus id vitae est. Nullam volutpat, dolor id ornare rutrum, purus quam tristique felis, at auctor ipsum eros non felis. Vivamus porttitor risus eget nunc dictum consequat. Integer at mattis ipsum, id suscipit purus.\r\n\r\nCras ullamcorper magna in iaculis auctor. Mauris congue nisl turpis, quis facilisis risus vulputate quis. Mauris elementum cursus felis, venenatis lobortis massa commodo accumsan. In hac habitasse platea dictumst. Cras hendrerit vitae ante et laoreet. Nam semper, ipsum sit amet pharetra facilisis, sem sem elementum nisi, ut fermentum lorem lacus a turpis. Sed rutrum turpis ac risus sagittis, non rhoncus purus dictum. Phasellus efficitur, magna a dictum finibus, elit nulla laoreet justo, sed convallis urna mi et mauris. Suspendisse et posuere diam. Nulla elit nulla, bibendum facilisis massa vel, feugiat suscipit ante. Nulla ornare venenatis accumsan. Fusce nec mauris lorem.\r\n\r\nAenean pulvinar tempor vulputate. Nam ac commodo nunc. Nullam mollis, turpis nec ultrices interdum, est est lobortis velit, in euismod nibh turpis id sapien. Pellentesque imperdiet ex vitae risus iaculis pharetra. Vestibulum non tempus orci, sed luctus risus. Praesent sem augue, feugiat ut varius ac, volutpat in felis. Nunc vel vestibulum mi. Aliquam lacinia pharetra erat a dictum. Maecenas purus ante, consequat sed risus id, porta mollis ante. Curabitur egestas porttitor velit, sit amet ornare erat interdum et. Lorem ipsum dolor sit amet, consectetur adipiscing elit. Proin in facilisis tortor. Fusce non convallis velit, sed tincidunt enim.', 37, 4, 0, '2023-12-12 08:53:30'),
(21, 'All the facts about art', 'Phasellus aliquam massa quis condimentum rutrum. Morbi laoreet vestibulum ipsum a imperdiet. Aenean tempus a augue et porta. Phasellus venenatis, nibh eu vehicula suscipit, sem enim gravida neque, a ultrices lacus ligula non tortor. Praesent sagittis felis eget dolor porta dignissim. Nunc placerat turpis ex, at consequat justo dignissim quis. Class aptent taciti sociosqu ad litora torquent per conubia nostra, per inceptos himenaeos. Donec nec interdum velit, quis auctor purus.\r\n\r\nPellentesque neque tortor, condimentum quis dapibus nec, bibendum ac magna. Sed non tristique enim, quis pretium orci. Cras erat nunc, tempor suscipit neque tempor, cursus bibendum ligula. Praesent ut nunc at nibh scelerisque viverra. Quisque congue efficitur auctor. Ut at efficitur dui. Proin cursus ultrices sapien. Quisque dignissim est et mi feugiat tincidunt. Nullam metus lorem, eleifend commodo libero ut, vehicula venenatis nulla. Duis eget est in velit mattis commodo vel ac metus.', 35, 1, 1, '2023-12-12 08:55:04'),
(22, 'All the facts about science', 'Lorem ipsum dolor sit amet, consectetur adipiscing elit. Mauris tempor, neque non lacinia consequat, nibh nisl facilisis ante, scelerisque dictum nisl elit non odio. Fusce ac blandit elit. Nam malesuada purus a tristique sollicitudin. Pellentesque quis posuere arcu. Integer nec mauris vel sapien tincidunt faucibus. Fusce maximus fermentum odio, ut vehicula nulla rutrum ut. Nulla at tincidunt leo. Maecenas ultricies enim vitae leo convallis, non aliquam velit scelerisque. Phasellus molestie pretium elit, id malesuada diam mattis id. Sed dignissim neque sit amet quam auctor viverra. Aliquam rhoncus tellus faucibus dui hendrerit, vitae sagittis tortor vulputate. Fusce in auctor enim. Maecenas dolor erat, iaculis congue euismod a, viverra sed dolor. In id elit purus. Duis at sem eget augue tincidunt commodo ac finibus erat.\r\n\r\nAenean vel velit pretium, molestie augue non, fermentum sem. Vivamus a fringilla dui. Proin arcu enim, hendrerit eget condimentum at, pellentesque sed velit. Pellentesque bibendum vitae purus non convallis. Nam non efficitur diam. Fusce porttitor quis sapien ut ullamcorper. Suspendisse euismod, nisi sit amet feugiat luctus, quam nisi tempus odio, eu mollis est leo vitae felis. Cras at risus facilisis, vestibulum purus nec, posuere sem. Donec bibendum gravida dapibus. Sed nisl turpis, dictum ac odio in, mollis facilisis elit. Fusce condimentum iaculis pharetra. Phasellus facilisis euismod fringilla. Etiam facilisis nisi quis quam egestas vehicula.\r\n\r\nCurabitur suscipit aliquet aliquet. Fusce mattis fermentum ante vitae sollicitudin. Integer convallis risus nisl, ac dapibus metus ultricies sed. Donec efficitur venenatis nisi sed sollicitudin. Duis blandit tristique facilisis. Praesent dapibus, diam ut lacinia blandit, ligula metus fringilla magna, sit amet pellentesque sem urna vitae neque. Cras id metus et orci laoreet volutpat quis sit amet ex. Aenean at libero sed leo euismod bibendum vel id urna. Nam ac odio dapibus, convallis risus ut, commodo nibh. Class aptent taciti sociosqu ad litora torquent per conubia nostra, per inceptos himenaeos. Fusce dictum orci et tempor tempor. Vestibulum et accumsan quam. Donec pharetra dui id hendrerit feugiat.\r\n\r\nSuspendisse potenti. Nam luctus felis vel dui consectetur, non porttitor felis varius. In tortor nisl, blandit ac tincidunt vel, congue in lorem. Maecenas tincidunt porttitor augue, vel aliquet mauris placerat nec. Nam et porta dui. Interdum et malesuada fames ac ante ipsum primis in faucibus. Etiam tincidunt ullamcorper felis, bibendum suscipit mi sodales ac. Nulla sapien erat, viverra blandit posuere id, tempus non massa.\r\n\r\nUt massa elit, maximus sit amet efficitur sed, egestas in turpis. In in diam lorem. In faucibus lorem ipsum, nec vehicula ipsum semper et. Ut vel sapien ut ipsum facilisis ultrices vitae dictum felis. Suspendisse dui felis, posuere sed convallis eget, eleifend nec nisl. Maecenas auctor mollis semper. Integer imperdiet iaculis mi, ut condimentum dui consequat quis. Donec tellus justo, convallis id mi ut, ornare molestie lorem. Nulla et elit ultricies, finibus risus a, rhoncus nunc. Cras ultrices libero quis augue dictum euismod. Aenean eget viverra nisl. Aliquam gravida viverra dictum. Sed tincidunt, neque vitae euismod mollis, magna arcu ornare dui, a iaculis lacus ante ut risus.\r\n\r\nVivamus eget pellentesque ante, vel consequat metus. Aenean porta urna vitae massa lacinia fringilla. Praesent tempus facilisis faucibus. Suspendisse tempus orci laoreet semper condimentum. Sed arcu felis, vestibulum et tellus non, maximus porttitor ligula. Nam tempor tristique lacus at euismod. Quisque in tellus nec nulla lacinia pulvinar id eu ex.', 35, 3, 0, '2023-12-12 08:55:43'),
(23, 'All the facts about fashion', 'Fusce lorem purus, consequat vitae sollicitudin sed, pulvinar nec massa. Ut in mollis nunc, ut dictum felis. Etiam molestie ultrices risus, nec pretium felis feugiat a. Cras tempus tempus massa aliquam interdum. Curabitur tristique ullamcorper turpis, ut venenatis odio. Vivamus nec libero elementum, mattis orci in, egestas eros. Nulla elit quam, auctor fringilla purus et, maximus rutrum purus. Curabitur id efficitur dolor, in auctor ipsum. Sed scelerisque ligula ut mi scelerisque, sed sodales neque sagittis. Suspendisse vel dignissim erat. Suspendisse potenti.\r\n\r\nSed sit amet dolor enim. Lorem ipsum dolor sit amet, consectetur adipiscing elit. Fusce ipsum ipsum, venenatis in nunc et, sodales tempor arcu. Pellentesque at urna dui. Morbi dignissim vestibulum lobortis. Quisque ac nunc lorem. Aenean nec blandit ante. Aliquam ut rutrum enim, eget vestibulum ipsum. Cras auctor porta leo, at suscipit urna mattis faucibus.\r\n\r\nDuis vel vulputate odio. Fusce venenatis tortor ac ipsum luctus accumsan eget a metus. Proin consectetur, metus eget lobortis pulvinar, nisl mauris varius nibh, in bibendum sapien mi sed massa. Duis laoreet ut sem in tempor. Nunc posuere quam vel sodales faucibus. Sed aliquet leo varius nulla ultrices congue. Nulla facilisi. Maecenas tortor sem, aliquet eget finibus quis, tincidunt non ante. Quisque ut ultricies augue, non blandit ipsum. Ut orci dui, porta in justo et, iaculis consequat ipsum. Sed pulvinar iaculis enim quis tincidunt.\r\n\r\nSuspendisse pellentesque diam nibh, sed elementum lectus fringilla vitae. Maecenas vulputate sem tellus, et interdum tortor lacinia vel. Integer ornare venenatis magna, in interdum diam fermentum a. Nulla mauris velit, rhoncus vel varius ac, sollicitudin sed nisl. Pellentesque sagittis elit in nulla venenatis pretium. Etiam commodo euismod lacinia. Donec varius enim ac leo aliquet feugiat. Aenean ligula felis, hendrerit id sem id, lacinia venenatis nisl. Nam tincidunt enim ac porttitor luctus. Etiam faucibus ac ante mattis hendrerit. Donec tristique vel justo ut volutpat. Aliquam pretium malesuada risus molestie mattis. Phasellus scelerisque laoreet urna tempor luctus.\r\n\r\nAliquam ac massa mauris. Mauris scelerisque, tortor sed posuere suscipit, lectus nulla sodales ligula, at imperdiet lorem nunc vitae massa. Morbi sed ante eget mi faucibus commodo at vestibulum nisl. Nulla nec pulvinar quam, sit amet commodo massa. Duis nulla nisl, convallis eget augue in, aliquam cursus diam. Proin libero leo, pulvinar eu nisl nec, egestas convallis est. Sed et venenatis enim. Proin tempus nec mauris vitae tempus. Interdum et malesuada fames ac ante ipsum primis in faucibus. Curabitur varius, nisi euismod vestibulum bibendum, augue tellus efficitur tellus, a eleifend arcu diam vitae lacus. Vestibulum lacinia est sit amet luctus efficitur. Donec in justo vitae nisl fermentum luctus id vitae est. Nullam volutpat, dolor id ornare rutrum, purus quam tristique felis, at auctor ipsum eros non felis. Vivamus porttitor risus eget nunc dictum consequat. Integer at mattis ipsum, id suscipit purus.\r\n\r\nCras ullamcorper magna in iaculis auctor. Mauris congue nisl turpis, quis facilisis risus vulputate quis. Mauris elementum cursus felis, venenatis lobortis massa commodo accumsan. In hac habitasse platea dictumst. Cras hendrerit vitae ante et laoreet. Nam semper, ipsum sit amet pharetra facilisis, sem sem elementum nisi, ut fermentum lorem lacus a turpis. Sed rutrum turpis ac risus sagittis, non rhoncus purus dictum. Phasellus efficitur, magna a dictum finibus, elit nulla laoreet justo, sed convallis urna mi et mauris. Suspendisse et posuere diam. Nulla elit nulla, bibendum facilisis massa vel, feugiat suscipit ante. Nulla ornare venenatis accumsan. Fusce nec mauris lorem.', 35, 4, 0, '2023-12-12 08:56:10');
INSERT INTO `articles` (`id`, `title`, `content`, `author_id`, `category_id`, `is_approved`, `created_at`) VALUES
(24, 'All the facts about technics', 'Test! Fusce nulla sem, ultricies at metus id, tincidunt vulputate mauris. Vivamus sit amet tempor justo. Curabitur rutrum risus metus. Phasellus et nibh a urna eleifend tristique. Aenean quis velit fermentum ligula commodo congue. Nunc convallis felis ac feugiat ultrices. Fusce eget luctus neque, eget elementum risus. Aenean ultricies elementum dolor, quis lacinia turpis auctor et. Etiam vel dolor volutpat, dignissim arcu quis, fringilla nisl. In eget justo nec leo porttitor placerat at quis turpis. Curabitur sed ante id tortor imperdiet ullamcorper. Aliquam ullamcorper ipsum at nulla commodo congue. Mauris dictum scelerisque blandit. Donec id velit a mi posuere cursus. Quisque tristique luctus enim, malesuada tempor turpis condimentum vel. Nunc ut mi eget sem egestas posuere a finibus enim.\r\n\r\nInteger sit amet sodales tellus. Duis faucibus leo felis, sit amet rhoncus neque venenatis vitae. Quisque volutpat libero nec justo convallis feugiat. Orci varius natoque penatibus et magnis dis parturient montes, nascetur ridiculus mus. Proin sed risus metus. Pellentesque quis tincidunt nulla. Curabitur ut consequat magna. Proin non turpis eleifend, volutpat augue suscipit, pellentesque neque. Suspendisse elementum accumsan ipsum, a euismod arcu luctus ac. Cras tempus felis non magna feugiat aliquet. Sed sit amet metus interdum, sodales leo quis, facilisis nunc. Maecenas bibendum purus id arcu pulvinar, at interdum nisl tincidunt. Maecenas vitae urna feugiat nunc pulvinar porta. Donec sit amet semper justo.\r\n\r\nNullam fermentum eros non orci blandit, in interdum velit efficitur. Nam malesuada turpis leo, et porta massa aliquam eu. Vestibulum vitae libero sit amet nibh tincidunt ornare. Nullam ultrices leo a libero congue porttitor elementum eu neque. Vestibulum maximus nisi nec ipsum cursus fringilla. Vestibulum sit amet enim lobortis, sagittis quam egestas, hendrerit arcu. Integer diam diam, euismod ut semper eget, porttitor et elit. Nulla feugiat purus sed interdum placerat. Quisque pharetra ante id tellus mattis porttitor. Nunc sed nibh at dui euismod maximus vitae in urna. Morbi placerat lorem sed dui mollis ultricies. Quisque venenatis lectus eget blandit sodales.\r\n\r\nInteger a odio nec sem mollis rhoncus. Sed vehicula, dolor quis imperdiet sodales, orci ex fermentum nulla, eget pellentesque quam tortor et sapien. Nunc vulputate odio condimentum, aliquam quam vel, placerat nunc. Etiam dignissim vehicula nisi id elementum. Nam pulvinar augue diam, quis egestas sapien posuere non. In id mauris dui. Cras pretium ex vel magna condimentum, vel molestie arcu finibus. Pellentesque malesuada urna orci, a blandit neque varius non. Proin sagittis consequat arcu, vitae rutrum mauris egestas in.\r\n\r\nNulla ante ligula, tristique quis scelerisque sed, condimentum sollicitudin libero. Nunc dapibus scelerisque orci eu lobortis. Aliquam elit lacus, maximus in felis in, iaculis pretium justo. In sit amet purus blandit, malesuada nunc eu, vestibulum nulla. Quisque dictum ligula eu turpis venenatis, ut fermentum odio pretium. Nunc maximus tellus nunc, quis porta erat dignissim ut. Maecenas et bibendum leo, vitae hendrerit nisl. Sed laoreet malesuada rutrum. Maecenas viverra metus orci, placerat efficitur ante convallis sed.\r\n\r\nAliquam lacinia quam pharetra metus vehicula maximus. Phasellus volutpat diam et tortor finibus ornare. Etiam eleifend ligula ut imperdiet imperdiet. Cras quis efficitur sem. Nullam non maximus magna. Sed mi urna, dapibus et venenatis eu, aliquam vel eros. Integer id diam rhoncus, convallis dolor sed, bibendum nisl. Cras velit neque, rhoncus eget egestas id, euismod nec magna. Duis sed turpis odio. Curabitur euismod diam id ante maximus aliquet. Nunc imperdiet scelerisque metus, accumsan accumsan ex dictum et. Maecenas vehicula lacinia ullamcorper. Nullam elementum varius accumsan. Nulla congue sed tellus id congue. Donec massa erat, congue non metus ut, feugiat finibus ex. Ut vestibulum, ipsum sed rhoncus hendrerit, tellus diam accumsan tellus, eget vulputate erat sapien dignissim mauris.', 35, 2, 0, '2023-12-12 08:56:51'),
(25, 'Being artistic - is it worth it?', 'Suspendisse pellentesque diam nibh, sed elementum lectus fringilla vitae. Maecenas vulputate sem tellus, et interdum tortor lacinia vel. Integer ornare venenatis magna, in interdum diam fermentum a. Nulla mauris velit, rhoncus vel varius ac, sollicitudin sed nisl. Pellentesque sagittis elit in nulla venenatis pretium. Etiam commodo euismod lacinia. Donec varius enim ac leo aliquet feugiat. Aenean ligula felis, hendrerit id sem id, lacinia venenatis nisl. Nam tincidunt enim ac porttitor luctus. Etiam faucibus ac ante mattis hendrerit. Donec tristique vel justo ut volutpat. Aliquam pretium malesuada risus molestie mattis. Phasellus scelerisque laoreet urna tempor luctus.\r\n\r\nAliquam ac massa mauris. Mauris scelerisque, tortor sed posuere suscipit, lectus nulla sodales ligula, at imperdiet lorem nunc vitae massa. Morbi sed ante eget mi faucibus commodo at vestibulum nisl. Nulla nec pulvinar quam, sit amet commodo massa. Duis nulla nisl, convallis eget augue in, aliquam cursus diam. Proin libero leo, pulvinar eu nisl nec, egestas convallis est. Sed et venenatis enim. Proin tempus nec mauris vitae tempus. Interdum et malesuada fames ac ante ipsum primis in faucibus. Curabitur varius, nisi euismod vestibulum bibendum, augue tellus efficitur tellus, a eleifend arcu diam vitae lacus. Vestibulum lacinia est sit amet luctus efficitur. Donec in justo vitae nisl fermentum luctus id vitae est. Nullam volutpat, dolor id ornare rutrum, purus quam tristique felis, at auctor ipsum eros non felis. Vivamus porttitor risus eget nunc dictum consequat. Integer at mattis ipsum, id suscipit purus.\r\n\r\nCras ullamcorper magna in iaculis auctor. Mauris congue nisl turpis, quis facilisis risus vulputate quis. Mauris elementum cursus felis, venenatis lobortis massa commodo accumsan. In hac habitasse platea dictumst. Cras hendrerit vitae ante et laoreet. Nam semper, ipsum sit amet pharetra facilisis, sem sem elementum nisi, ut fermentum lorem lacus a turpis. Sed rutrum turpis ac risus sagittis, non rhoncus purus dictum. Phasellus efficitur, magna a dictum finibus, elit nulla laoreet justo, sed convallis urna mi et mauris. Suspendisse et posuere diam. Nulla elit nulla, bibendum facilisis massa vel, feugiat suscipit ante. Nulla ornare venenatis accumsan. Fusce nec mauris lorem.\r\n\r\nAenean pulvinar tempor vulputate. Nam ac commodo nunc. Nullam mollis, turpis nec ultrices interdum, est est lobortis velit, in euismod nibh turpis id sapien. Pellentesque imperdiet ex vitae risus iaculis pharetra. Vestibulum non tempus orci, sed luctus risus. Praesent sem augue, feugiat ut varius ac, volutpat in felis. Nunc vel vestibulum mi. Aliquam lacinia pharetra erat a dictum. Maecenas purus ante, consequat sed risus id, porta mollis ante. Curabitur egestas porttitor velit, sit amet ornare erat interdum et. Lorem ipsum dolor sit amet, consectetur adipiscing elit. Proin in facilisis tortor. Fusce non convallis velit, sed tincidunt enim.', 35, 1, 0, '2023-12-12 08:58:40'),
(26, 'Being technical - what does that mean?', 'Integer mattis, ante nec lacinia lacinia, nisi diam fermentum neque, a varius mauris orci ut felis. Maecenas ac nisl non sem bibendum consequat. Duis facilisis finibus diam volutpat condimentum. Sed eget nibh et ex varius faucibus. Etiam elit ex, accumsan nec iaculis at, aliquam non odio. Nullam nec nibh lacinia, hendrerit massa vel, pharetra erat. Sed tempus sollicitudin ultricies. Nullam sit amet dolor finibus, sodales erat a, tempus nunc. Vivamus iaculis neque ut blandit egestas. Donec auctor iaculis varius. Maecenas convallis orci nec mauris bibendum pulvinar. Morbi laoreet ultrices arcu ac congue. Integer vestibulum gravida turpis sed imperdiet. Aliquam erat volutpat.\r\n\r\nNullam eget varius tortor. Curabitur at odio ultricies, vestibulum dolor quis, sodales ante. Curabitur varius interdum metus, eget commodo est rutrum mattis. Pellentesque non velit id ipsum condimentum cursus. Etiam pretium velit eget fringilla semper. Morbi quis eros porta arcu dictum molestie id id elit. Nam pellentesque nec risus vel tempus. Nunc vel laoreet ipsum. Donec imperdiet lectus aliquam elit luctus, in fringilla elit aliquet. Integer non varius lorem, et molestie velit. Aliquam erat volutpat.\r\n\r\nNulla ullamcorper, nunc et porta hendrerit, tortor erat tincidunt massa, vel vulputate nisi mauris non purus. Cras faucibus fringilla turpis, eu ullamcorper ex semper a. Phasellus feugiat maximus aliquam. Aliquam ac laoreet risus. Proin semper augue a laoreet dictum. Suspendisse sollicitudin, enim nec condimentum consequat, lacus magna venenatis turpis, vitae porttitor libero diam ac urna. Fusce egestas, lacus vitae lacinia lacinia, urna mauris ornare odio, et vestibulum magna lorem aliquet ex.\r\n\r\nDuis ornare auctor ullamcorper. Curabitur luctus nulla at semper eleifend. Aliquam at efficitur metus. Proin tempor scelerisque magna eu ultricies. Maecenas sodales ultricies dictum. Sed lectus tortor, posuere viverra eros quis, tincidunt luctus ligula. Nunc auctor est eu neque laoreet molestie.\r\n\r\nFusce lorem purus, consequat vitae sollicitudin sed, pulvinar nec massa. Ut in mollis nunc, ut dictum felis. Etiam molestie ultrices risus, nec pretium felis feugiat a. Cras tempus tempus massa aliquam interdum. Curabitur tristique ullamcorper turpis, ut venenatis odio. Vivamus nec libero elementum, mattis orci in, egestas eros. Nulla elit quam, auctor fringilla purus et, maximus rutrum purus. Curabitur id efficitur dolor, in auctor ipsum. Sed scelerisque ligula ut mi scelerisque, sed sodales neque sagittis. Suspendisse vel dignissim erat. Suspendisse potenti.\r\n\r\nSed sit amet dolor enim. Lorem ipsum dolor sit amet, consectetur adipiscing elit. Fusce ipsum ipsum, venenatis in nunc et, sodales tempor arcu. Pellentesque at urna dui. Morbi dignissim vestibulum lobortis. Quisque ac nunc lorem. Aenean nec blandit ante. Aliquam ut rutrum enim, eget vestibulum ipsum. Cras auctor porta leo, at suscipit urna mattis faucibus.\r\n\r\nDuis vel vulputate odio. Fusce venenatis tortor ac ipsum luctus accumsan eget a metus. Proin consectetur, metus eget lobortis pulvinar, nisl mauris varius nibh, in bibendum sapien mi sed massa. Duis laoreet ut sem in tempor. Nunc posuere quam vel sodales faucibus. Sed aliquet leo varius nulla ultrices congue. Nulla facilisi. Maecenas tortor sem, aliquet eget finibus quis, tincidunt non ante. Quisque ut ultricies augue, non blandit ipsum. Ut orci dui, porta in justo et, iaculis consequat ipsum. Sed pulvinar iaculis enim quis tincidunt.', 35, 2, 1, '2023-12-12 08:59:06'),
(27, 'Being a scientist - what are the benefits?', 'Test!\r\nDuis blandit tristique facilisis. Praesent dapibus, diam ut lacinia blandit, ligula metus fringilla magna, sit amet pellentesque sem urna vitae neque. Cras id metus et orci laoreet volutpat quis sit amet ex. Aenean at libero sed leo euismod bibendum vel id urna. Nam ac odio dapibus, convallis risus ut, commodo nibh. Class aptent taciti sociosqu ad litora torquent per conubia nostra, per inceptos himenaeos. Fusce dictum orci et tempor tempor. Vestibulum et accumsan quam. Donec pharetra dui id hendrerit feugiat.\r\n\r\nSuspendisse potenti. Nam luctus felis vel dui consectetur, non porttitor felis varius. In tortor nisl, blandit ac tincidunt vel, congue in lorem. Maecenas tincidunt porttitor augue, vel aliquet mauris placerat nec. Nam et porta dui. Interdum et malesuada fames ac ante ipsum primis in faucibus. Etiam tincidunt ullamcorper felis, bibendum suscipit mi sodales ac. Nulla sapien erat, viverra blandit posuere id, tempus non massa.\r\n\r\nUt massa elit, maximus sit amet efficitur sed, egestas in turpis. In in diam lorem. In faucibus lorem ipsum, nec vehicula ipsum semper et. Ut vel sapien ut ipsum facilisis ultrices vitae dictum felis. Suspendisse dui felis, posuere sed convallis eget, eleifend nec nisl. Maecenas auctor mollis semper. Integer imperdiet iaculis mi, ut condimentum dui consequat quis. Donec tellus justo, convallis id mi ut, ornare molestie lorem. Nulla et elit ultricies, finibus risus a, rhoncus nunc. Cras ultrices libero quis augue dictum euismod. Aenean eget viverra nisl. Aliquam gravida viverra dictum. Sed tincidunt, neque vitae euismod mollis, magna arcu ornare dui, a iaculis lacus ante ut risus.\r\n\r\nVivamus eget pellentesque ante, vel consequat metus. Aenean porta urna vitae massa lacinia fringilla. Praesent tempus facilisis faucibus. Suspendisse tempus orci laoreet semper condimentum. Sed arcu felis, vestibulum et tellus non, maximus porttitor ligula. Nam tempor tristique lacus at euismod. Quisque in tellus nec nulla lacinia pulvinar id eu ex.\r\n\r\nMorbi sit amet bibendum leo. Nunc tempor consectetur diam sit amet ullamcorper. Curabitur malesuada nibh consectetur, semper mi sit amet, vulputate massa. Ut sed quam orci. Nunc vitae mauris suscipit velit rhoncus placerat. In eu molestie metus, ut efficitur lacus. Vivamus id venenatis lacus. Nam venenatis purus vel ligula ultricies, sed finibus nibh dictum. Nulla finibus dictum purus ac fringilla. Praesent viverra erat est, in congue libero interdum quis. Proin dapibus ex mi, id elementum nunc condimentum vel. Donec interdum augue purus, eget molestie augue tincidunt quis. Ut vel vestibulum lorem, vel malesuada est. Proin mollis euismod arcu, vel dapibus nibh scelerisque a. Morbi vel metus maximus enim pretium iaculis. Vestibulum vitae ullamcorper massa.\r\n\r\nMaecenas faucibus suscipit risus quis aliquam. Vestibulum et pharetra metus. Nulla efficitur nunc quis enim sodales consequat. Nullam lobortis rhoncus augue sed consequat. Donec placerat fermentum est at congue. Cras dapibus interdum magna, et tempor tellus pulvinar hendrerit. Aenean volutpat, tellus ut imperdiet maximus, nulla magna tincidunt elit, blandit ullamcorper neque mauris a diam. Nam sagittis et felis vitae molestie. Nulla fermentum in lorem sed laoreet.\r\n\r\nMorbi ipsum urna, pulvinar et sollicitudin pellentesque, ultricies quis mauris. Morbi rutrum dapibus tristique. Aenean eget sagittis dui. Mauris eget dui neque. Etiam vestibulum, mi vel viverra malesuada, metus leo eleifend libero, eget cursus neque lacus vel lorem. Fusce cursus est ac feugiat tincidunt. Donec quis porta velit. Aliquam ultricies nisl id massa porta congue. Fusce dapibus posuere nisl, et gravida ex ultricies in. Praesent sed purus iaculis, mattis sem ut, interdum neque. Quisque leo velit, efficitur a sagittis sed, molestie ac dolor. Fusce mollis lacinia nibh, et posuere sem tempus eu. Cras interdum ex ut turpis mattis porttitor.\r\n\r\nInteger leo tortor, euismod interdum lectus nec, commodo tincidunt urna. Vestibulum dictum enim nec vulputate convallis. Maecenas ut justo fermentum, vestibulum massa non, congue enim. Praesent at metus ut nisi cursus molestie. Maecenas dignissim eu mauris id pellentesque. In et tempus diam, at porta sapien. Curabitur non libero sit amet ligula vehicula sagittis. In sodales pellentesque ligula, sit amet sodales elit faucibus at. Pellentesque lobortis, lectus nec posuere faucibus, mi tortor lobortis elit, sit amet euismod ex nulla eu ipsum. Nulla sagittis tortor tortor, eu interdum ipsum consectetur sit amet. Sed vel erat vel nulla fringilla sodales elementum sit amet ex. Mauris urna diam, pellentesque id turpis ac, sodales varius orci. Pellentesque lobortis varius sem, at dignissim odio pharetra eu. Suspendisse rhoncus orci quis lacinia sollicitudin.\r\n\r\nMorbi pretium ante vitae nisi eleifend, nec varius lorem commodo. Donec scelerisque diam non turpis pulvinar, non suscipit purus vestibulum. Mauris sagittis dolor a bibendum egestas. Etiam eu ullamcorper lectus. Donec finibus nisl sed orci blandit, ut rhoncus massa efficitur. Cras et tristique turpis. Etiam ut eros augue. Sed id mattis velit, at sollicitudin nulla. Proin tempor ac sem non tempor. Phasellus vestibulum quis justo sit amet tincidunt. Sed tempus iaculis urna vitae porta. Lorem ipsum dolor sit amet, consectetur adipiscing elit.', 35, 3, 0, '2023-12-12 09:00:43'),
(28, 'Being a fashion lover - is it pricey?', 'Lorem ipsum dolor sit amet, consectetur adipiscing elit. Cras bibendum elementum odio sit amet tincidunt. Maecenas placerat ante nunc, non convallis metus blandit et. Etiam facilisis leo lorem, quis consectetur est luctus sed. Ut nec nulla vel sapien venenatis porttitor. Duis arcu nulla, efficitur vel quam sed, faucibus congue leo. Suspendisse tempus eu lacus sed malesuada. Quisque purus mi, imperdiet nec aliquam at, laoreet at quam. Donec augue enim, rutrum semper sem id, imperdiet malesuada metus. Suspendisse ultrices tempus quam, ac tincidunt velit efficitur at. Donec id imperdiet purus, in tincidunt mi. Lorem ipsum dolor sit amet, consectetur adipiscing elit.\r\n\r\nUt in diam turpis. Cras tincidunt lacus nec augue cursus, eget rhoncus mauris placerat. Aliquam erat volutpat. Duis maximus condimentum enim, quis fermentum velit. Pellentesque efficitur, metus quis porta elementum, lacus diam congue leo, nec cursus nunc dui ut massa. Suspendisse at ligula mi. Pellentesque orci massa, rhoncus quis sapien eget, fermentum accumsan ex. Donec aliquam aliquam sollicitudin. Quisque nec lorem eu lacus pellentesque tempor ac quis nisi. Quisque finibus et ante vitae sollicitudin. Ut non dui quis mauris sollicitudin euismod. Maecenas consequat pretium sapien, ut venenatis erat euismod nec. Duis id quam sed dui fermentum dapibus ut eu mi. Sed porttitor ipsum magna, sed ultricies velit pellentesque eget.\r\n\r\nSed gravida consequat tellus, vel feugiat nibh ultrices nec. In dictum lobortis interdum. Ut auctor mauris vel diam tempus, vel posuere nisi fermentum. In ullamcorper ornare felis ac condimentum. Ut pulvinar, diam eget consectetur ultricies, odio leo viverra leo, at iaculis leo urna id sapien. Phasellus ornare hendrerit justo, nec volutpat enim mattis in. Vestibulum quis velit vitae leo tempor suscipit. Nulla molestie massa vel ex efficitur efficitur. Aenean condimentum ex eu nulla fermentum, eget fermentum elit vulputate.', 35, 4, 0, '2023-12-12 09:13:04'),
(29, 'Lorem Artistic', 'Proin ex neque, maximus in leo vel, euismod pellentesque orci. Duis in mollis justo, sed finibus lectus. Aliquam fermentum dolor ut dignissim porttitor. Sed in interdum nisl, at interdum odio. Pellentesque lorem ligula, convallis et hendrerit semper, laoreet ac tellus. Fusce dictum quam vel elit blandit, id dictum velit finibus. Morbi eu purus dignissim, dapibus sem sed, feugiat magna. Duis justo odio, accumsan at neque in, sodales egestas metus. Aenean quis nisi sed eros faucibus aliquet vitae nec nibh. Nulla hendrerit eros metus, nec iaculis dolor sodales vel. Quisque non lacus in sem luctus interdum. Pellentesque viverra, dolor porttitor ultrices accumsan, quam quam placerat elit, a faucibus felis magna a ipsum. Nunc nec maximus tortor, quis pellentesque mauris. Maecenas quis magna vel ipsum ullamcorper luctus. Maecenas erat tortor, elementum non est quis, elementum placerat enim. Nunc ligula mauris, facilisis placerat tempus et, porta id mauris.\r\n\r\nDonec venenatis eleifend porta. Duis tincidunt eros mi, a hendrerit tortor condimentum ac. Nam dictum, diam non finibus pulvinar, felis massa feugiat neque, vel vestibulum leo lectus vel nisi. Nulla malesuada tortor a ipsum feugiat scelerisque. Cras eleifend nisi dui, mattis laoreet ligula mollis non. Cras congue arcu et egestas iaculis. Suspendisse sodales venenatis risus, sit amet cursus ipsum sollicitudin quis. Donec molestie libero quam, eget porttitor velit interdum at. Nulla id tristique odio, id lobortis justo. Pellentesque non nisl nisi. Nunc ullamcorper mollis ante ac venenatis. Mauris euismod vitae risus id volutpat. Nam in nisl sapien. Nulla id rhoncus velit. Phasellus id vestibulum turpis.\r\n\r\nEtiam non dolor lacinia, luctus mi nec, scelerisque nisi. Phasellus at tincidunt odio. Sed dapibus laoreet diam sit amet sollicitudin. Phasellus quis magna quis augue accumsan eleifend vel vel ex. Curabitur eu diam est. Nullam pharetra pharetra justo et dictum. Etiam tristique euismod nibh, vitae iaculis augue pulvinar at. Sed mi augue, ultrices id quam vel, malesuada sagittis nunc. In hac habitasse platea dictumst. Etiam aliquam quam in porta suscipit. In hac habitasse platea dictumst. Duis gravida non justo nec malesuada.\r\n\r\nUt elementum ut augue viverra tempor. In accumsan, magna at varius aliquet, sem metus porta quam, at laoreet arcu sapien et augue. Phasellus eu maximus nisl. Morbi vestibulum erat risus, sed vehicula lacus ultrices in. Quisque vitae massa a purus dictum mattis sed ut sapien. In eget tincidunt mauris. Maecenas blandit lorem libero, at faucibus ante commodo in. Phasellus imperdiet, lorem pulvinar pretium ullamcorper, est tellus egestas leo, nec sollicitudin ex nunc et magna. Vestibulum malesuada, mauris quis dictum finibus, libero orci dictum lectus, quis condimentum orci purus eu mi.', 36, 1, 0, '2023-12-12 09:14:19'),
(30, 'Arts and crafts', 'Sed ullamcorper a arcu vulputate vehicula. Morbi facilisis augue nibh. Maecenas luctus justo vitae sem accumsan imperdiet. Donec blandit nisl mauris, nec ultrices nisl viverra quis. Sed bibendum lectus ac diam semper, in auctor dui porttitor. Cras vel nulla et arcu maximus faucibus vitae sollicitudin lectus. Proin venenatis consequat sodales. Vivamus blandit vehicula justo vitae vestibulum. Donec condimentum pretium enim, at placerat mauris mattis fringilla. Phasellus eros magna, tristique quis fringilla non, convallis vel mi. Suspendisse eu vehicula dolor. Fusce quis ante luctus, ullamcorper erat vitae, aliquam tortor. Pellentesque turpis eros, maximus ultrices ultrices eget, bibendum in dolor. Etiam ornare laoreet orci, non tincidunt ante varius auctor. Sed molestie dapibus ex a molestie. Integer lacinia, ex in facilisis porttitor, dolor eros aliquet tellus, a volutpat mauris sem et augue.', 36, 1, 0, '2023-12-12 09:14:43'),
(31, 'Tech Stack', 'Phasellus quam mi, pretium id purus in, dignissim dignissim metus. Aliquam massa neque, ornare in neque sit amet, molestie interdum ante. Sed vitae tellus lacus. Etiam dictum vehicula dui, vitae ullamcorper enim congue sit amet. Duis fermentum nisl eget nulla tempus pellentesque. Cras in dolor vel dolor consectetur accumsan eget at dui. Sed ac volutpat neque. Donec diam tortor, ultrices tincidunt commodo ac, ullamcorper in est. Maecenas et hendrerit tellus. Cras ac tortor a augue porta scelerisque a ac risus. Aliquam commodo enim mauris, non hendrerit sapien hendrerit quis. Sed tempus finibus dui non efficitur. Praesent vel scelerisque eros. Sed lacinia lectus in est imperdiet, imperdiet rhoncus risus bibendum. Duis eu malesuada urna, a fringilla tortor. Donec vestibulum libero felis, ac ullamcorper eros placerat eu.\r\n\r\nSed facilisis, velit nec condimentum imperdiet, odio ante ultricies arcu, molestie placerat velit sem vitae sapien. Curabitur in iaculis urna, posuere suscipit risus. Aenean porttitor posuere risus, vel gravida mauris placerat vitae. Quisque rhoncus faucibus purus ac mollis. Maecenas odio nisl, placerat ac imperdiet id, sodales ac nunc. Proin viverra ligula quis velit lacinia, eu auctor leo feugiat. Interdum et malesuada fames ac ante ipsum primis in faucibus. Maecenas suscipit diam quis libero pellentesque malesuada.\r\n\r\nPellentesque habitant morbi tristique senectus et netus et malesuada fames ac turpis egestas. Pellentesque fermentum faucibus vehicula. Phasellus tellus orci, rhoncus sed finibus in, dictum ac sapien. Vivamus non ligula sit amet eros rhoncus cursus ut a libero. Aenean et fermentum est. Sed euismod eu mauris at semper. Proin arcu mauris, volutpat eget ornare eu, pellentesque consectetur dui. Pellentesque habitant morbi tristique senectus et netus et malesuada fames ac turpis egestas. Quisque consequat justo id justo luctus, id imperdiet mauris varius.', 36, 2, 0, '2023-12-12 09:15:08'),
(32, 'Lorem Ipsum - technical side', 'Maecenas venenatis vehicula cursus. Curabitur varius est a fringilla pellentesque. Donec porta elit ac tortor lacinia pulvinar. Integer maximus sit amet sem scelerisque accumsan. Aenean lacinia hendrerit nunc, at eleifend elit faucibus sit amet. Nunc eget laoreet odio, quis euismod ante. Aliquam ultrices non purus ac volutpat. Mauris quis ex nec nunc porttitor blandit ut et nunc. Maecenas commodo est quis molestie condimentum. Nam ac volutpat diam, sollicitudin vehicula odio. Mauris magna augue, lobortis sed lectus sit amet, tincidunt volutpat nisi. Integer quis tortor eget ipsum vestibulum rhoncus sed eget leo.\r\n\r\nPellentesque in maximus enim. Vestibulum faucibus venenatis justo in sollicitudin. Nunc quis dignissim tellus. Sed non mauris tellus. Aenean maximus ipsum quis pellentesque ultrices. Suspendisse potenti. Aliquam vel dui nec eros sollicitudin semper ut id massa. Vestibulum eros mi, sagittis ut dui quis, finibus fermentum orci. Nulla facilisi. Fusce aliquet suscipit pulvinar. Sed mauris ipsum, dictum eu justo id, euismod sagittis urna. Cras dignissim, neque a mollis scelerisque, orci arcu varius turpis, eu vestibulum dui turpis sollicitudin lorem.\r\n\r\nEtiam sit amet ex malesuada, laoreet neque ac, bibendum dui. Cras turpis ante, facilisis nec mollis at, fringilla eu velit. Nullam eros sem, viverra at augue eget, tincidunt posuere dolor. Donec a accumsan lacus. Aliquam pulvinar, purus non auctor eleifend, nisl diam venenatis leo, consequat aliquet ante mi quis metus. Proin commodo nunc quis volutpat suscipit. Interdum et malesuada fames ac ante ipsum primis in faucibus. Suspendisse ac erat vehicula, luctus elit sollicitudin, eleifend diam. Nullam tempus, ipsum in vestibulum varius, nulla enim commodo est, nec finibus odio dui ac urna. Donec feugiat augue ultricies, condimentum arcu sed, auctor sapien. Morbi at tincidunt dolor. Ut sem metus, eleifend non nibh a, rhoncus molestie libero. Nunc velit nulla, fringilla eget sapien vitae, hendrerit pellentesque ex. Morbi hendrerit enim vitae porttitor lacinia.\r\n\r\nNulla mauris velit, venenatis vel felis eu, pretium fermentum turpis. Nullam scelerisque tortor tellus, et tincidunt ipsum sagittis eget. Maecenas sagittis turpis a arcu dignissim hendrerit nec quis sem. Proin placerat malesuada turpis interdum ornare. Mauris fermentum risus ut odio ultricies interdum. Proin suscipit condimentum lorem vitae pellentesque. Maecenas hendrerit auctor felis, sed iaculis nulla mollis nec. Aenean nec nisl non lacus aliquet ultrices. Morbi in eleifend nulla. Quisque eu ex velit. Praesent facilisis, dolor vitae faucibus ultricies, augue nisl lobortis arcu, vel aliquet augue nibh eget ligula. Praesent vulputate justo ac nunc sagittis, ut sagittis erat interdum. Donec urna nunc, euismod eget euismod ac, consectetur ut orci.', 36, 2, 0, '2023-12-12 09:15:38'),
(33, 'Science, baby!', 'Lorem ipsum dolor sit amet, consectetur adipiscing elit. Etiam eu aliquam nisi. Etiam ac blandit mauris, bibendum scelerisque odio. Nunc lacinia, turpis id dapibus vehicula, neque sem vulputate nulla, eget molestie erat libero sodales sem. Nam sagittis rutrum elit in pellentesque. Mauris turpis elit, eleifend at nisi quis, consectetur ullamcorper diam. Curabitur varius, tellus id tempor blandit, risus ipsum molestie magna, eget sollicitudin dolor mauris vitae mauris. In in lectus euismod, consectetur erat vitae, interdum elit. Donec ligula leo, dictum ac semper quis, tempor quis nibh. Duis ut pulvinar ante, et venenatis tellus.\r\n\r\nSed sit amet justo iaculis, elementum purus id, faucibus nisi. Orci varius natoque penatibus et magnis dis parturient montes, nascetur ridiculus mus. Nunc ornare justo orci, vel egestas purus dignissim sed. In mattis nisi vitae nulla gravida dignissim a at tortor. Praesent luctus lacus eu risus tempus, id faucibus lacus porta. Aenean tristique turpis ut ligula posuere efficitur. Etiam at lacus eget lectus dapibus commodo id ut enim. Aliquam erat volutpat. Mauris sodales, velit non iaculis laoreet, tellus diam dapibus justo, vel sodales tellus ex eget enim. Sed malesuada tellus quis mi gravida faucibus ut at lorem.', 36, 3, 1, '2023-12-12 09:16:10'),
(34, 'Lorem scientology', 'Pellentesque tristique urna est, id rutrum nisl euismod vel. Integer aliquet volutpat volutpat. Pellentesque habitant morbi tristique senectus et netus et malesuada fames ac turpis egestas. Praesent euismod turpis non metus iaculis luctus quis sit amet lacus. In nec odio ligula. In tincidunt purus sit amet tellus malesuada, interdum venenatis urna volutpat. Integer condimentum ex massa. Curabitur ultrices tellus mauris, sed malesuada mi fermentum ut. Vivamus non ligula a nisl iaculis ultrices. Nunc scelerisque vulputate neque, et congue eros gravida vel. Nullam pretium nunc eu velit finibus, quis porttitor nisl bibendum. Ut eget dolor posuere, porttitor nisi quis, tempor dolor. Donec quis est ut lectus euismod porta. Maecenas convallis ipsum feugiat mauris aliquet pellentesque. Integer placerat, turpis iaculis congue volutpat, mauris enim scelerisque lorem, ac accumsan sem mauris sit amet elit.\r\n\r\nSed et auctor velit, eget aliquam nibh. Phasellus rutrum luctus pulvinar. Pellentesque vel tincidunt elit. Nulla fringilla, mi et varius imperdiet, augue lectus ullamcorper orci, et porta quam massa sodales ligula. Maecenas ornare, quam eget facilisis laoreet, metus orci venenatis magna, tincidunt auctor mauris leo lobortis sem. Vivamus fringilla malesuada velit, ac porta elit finibus sit amet. Phasellus tempor velit id eros volutpat dictum. Vivamus auctor interdum mauris eu efficitur. Pellentesque semper interdum quam, tristique tincidunt velit vehicula et. Nulla facilisi. Etiam sagittis nulla diam, sit amet dictum lorem tristique at. Aenean placerat condimentum ultricies. Donec nec facilisis arcu. Nunc eget luctus sem. Cras ultrices tincidunt egestas.\r\n\r\nProin sed felis pretium, molestie arcu sit amet, scelerisque tortor. Curabitur ac tortor ac nibh dignissim mollis. Suspendisse metus ex, vehicula sed convallis at, pulvinar ut ex. Etiam scelerisque ut felis eu convallis. Curabitur odio felis, suscipit vel aliquam ut, luctus sit amet justo. Nam molestie diam in orci porta tempor. Sed sem mauris, congue lacinia porta a, sagittis quis ante. In eu tincidunt nunc. In rhoncus at orci quis rhoncus. Nullam vitae consequat mi, non tincidunt magna. In hac habitasse platea dictumst. Proin lectus magna, gravida accumsan laoreet id, placerat ut ligula. Vestibulum interdum, risus sit amet ultricies tempus, enim nibh dictum justo, sit amet vestibulum felis felis id dui. Nulla ut eros vel lectus vestibulum consectetur vitae molestie erat. Class aptent taciti sociosqu ad litora torquent per conubia nostra, per inceptos himenaeos.\r\n\r\nPellentesque at magna finibus, pulvinar ante eu, pellentesque mauris. Vestibulum at tincidunt dui. Aliquam porttitor eleifend suscipit. Curabitur ac maximus enim, posuere auctor tortor. Vestibulum feugiat iaculis malesuada. Nullam nec purus eu enim facilisis sagittis pellentesque id enim. Cras consequat dignissim turpis, blandit consequat elit efficitur eu. Pellentesque in arcu ullamcorper risus congue eleifend. Mauris efficitur, lacus ut mattis porta, massa arcu ultricies diam, in fringilla tellus est facilisis urna. Vivamus vel pharetra massa.', 36, 3, 0, '2023-12-12 09:16:42'),
(35, 'Fashionova', 'Pellentesque at magna finibus, pulvinar ante eu, pellentesque mauris. Vestibulum at tincidunt dui. Aliquam porttitor eleifend suscipit. Curabitur ac maximus enim, posuere auctor tortor. Vestibulum feugiat iaculis malesuada. Nullam nec purus eu enim facilisis sagittis pellentesque id enim. Cras consequat dignissim turpis, blandit consequat elit efficitur eu. Pellentesque in arcu ullamcorper risus congue eleifend. Mauris efficitur, lacus ut mattis porta, massa arcu ultricies diam, in fringilla tellus est facilisis urna. Vivamus vel pharetra massa.\r\n\r\nSed maximus, sapien nec bibendum congue, augue ipsum mattis justo, et molestie urna metus nec tellus. Suspendisse pulvinar quam in finibus malesuada. Interdum et malesuada fames ac ante ipsum primis in faucibus. In hac habitasse platea dictumst. Donec diam quam, pretium sit amet lacinia nec, suscipit dignissim nibh. Ut iaculis diam at lorem malesuada, ac sollicitudin lectus hendrerit. Fusce tincidunt tortor ipsum. Suspendisse auctor augue at massa consequat venenatis. Orci varius natoque penatibus et magnis dis parturient montes, nascetur ridiculus mus. Nam ornare, nisi ut vehicula imperdiet, lorem felis cursus quam, id interdum elit ante eu est.\r\n\r\nClass aptent taciti sociosqu ad litora torquent per conubia nostra, per inceptos himenaeos. Donec vitae ex est. Integer auctor nulla vitae euismod viverra. Curabitur tempor ligula sit amet imperdiet mattis. Pellentesque euismod, leo ut rutrum suscipit, ipsum libero egestas ligula, at sollicitudin leo dolor quis metus. Nunc lobortis mollis eros, sit amet elementum augue consequat vitae. Sed suscipit volutpat fermentum. Proin pharetra eget enim non consectetur. Curabitur ac ultricies justo. Duis pharetra volutpat placerat. Mauris quis condimentum ex. Praesent lobortis est purus, at pellentesque diam ultrices id.\r\n\r\nVestibulum placerat vel elit at molestie. Donec commodo, nisl id interdum ornare, leo turpis dignissim nulla, et rutrum ligula ipsum ut justo. Integer at felis hendrerit, scelerisque nulla in, semper nisi. Etiam ac massa ipsum. Sed semper non odio sit amet bibendum. Fusce ullamcorper tristique cursus. Praesent ac ante vitae leo feugiat pellentesque mollis non odio. Aliquam ullamcorper volutpat nibh, ut ullamcorper purus bibendum et. Maecenas feugiat, massa ac egestas venenatis, libero justo eleifend sapien, sodales aliquam est nulla vitae elit. Etiam dictum erat vel arcu tempor, in efficitur est pulvinar. Praesent ultrices vitae massa nec accumsan. Integer eget lectus augue.\r\n\r\nInteger a turpis luctus, porta felis id, cursus lorem. Fusce accumsan vulputate elit non eleifend. Donec tincidunt sapien vitae venenatis laoreet. Vestibulum euismod volutpat neque, sodales luctus nibh. Sed eget arcu in lacus iaculis consectetur vitae nec tellus. Duis vulputate vulputate metus non posuere. Ut eget erat placerat, placerat urna id, fringilla elit. Ut in eleifend odio. Vivamus vitae elementum nunc, ullamcorper faucibus felis. In tincidunt justo nibh, vitae elementum nisi cursus sed. Nulla interdum nisi nec nisi malesuada, eget dictum mi gravida. Ut ac hendrerit nulla, nec facilisis tortor.', 36, 4, 1, '2023-12-12 09:17:29');

-- --------------------------------------------------------

--
-- Table structure for table `categories`
--

CREATE TABLE `categories` (
  `id` int(6) NOT NULL,
  `name` varchar(50) NOT NULL
) ENGINE=InnoDB DEFAULT CHARSET=utf8mb4 COLLATE=utf8mb4_general_ci;

--
-- Dumping data for table `categories`
--

INSERT INTO `categories` (`id`, `name`) VALUES
(1, 'Artistic'),
(2, 'Technical'),
(3, 'Science'),
(4, 'Fashion');

-- --------------------------------------------------------

--
-- Table structure for table `journalists`
--

CREATE TABLE `journalists` (
  `id` int(6) NOT NULL,
  `email` varchar(50) NOT NULL,
  `password` varchar(200) NOT NULL,
  `firstname` varchar(50) NOT NULL,
  `lastname` varchar(50) NOT NULL,
  `role_id` int(6) NOT NULL
) ENGINE=InnoDB DEFAULT CHARSET=utf8mb4 COLLATE=utf8mb4_general_ci;

--
-- Dumping data for table `journalists`
--

INSERT INTO `journalists` (`id`, `email`, `password`, `firstname`, `lastname`, `role_id`) VALUES
(29, 'reader1@test.com', '$2y$10$l3055kVhkeic8R.mcP7lZufow/LMuQl3IFB8ZtT3JMv5.5LmYkcvm', 'Vasile', 'Lupu', 1),
(30, 'reader2@test.com', '$2y$10$dKWJwys3ZbWqeR13KaO29.CyheVGuf2.468z6v1ScHvhFyowmm6cy', 'Mihaela', 'Halip', 1),
(31, 'reader3@test.com', '$2y$10$Jn7Pxs12oeEeu0KOBowFQe08EXC.wTrTuL.cODdX.23ETURgiot9i', 'Dana', 'Pop', 1),
(32, 'editor1@test.com', '$2y$10$GX1do69zpe/EnmKQt4wp3Obxnlv3Ic/ZVUhIkrexY.PHgg.crzAJS', 'Dan', 'Popescu', 3),
(33, 'editor2@test.com', '$2y$10$LhEMPZYTkPnOVhPSLiKqseHmk9r84mY/UTY.irpzCJBg6JKW8BNqu', 'Dan', 'Georgescu', 3),
(34, 'editor3@test.com', '$2y$10$dB9XCZRWkWCGbu0kElMNZ.XvqrqnmfJCkerq8V5FWgl1YobjEV0a2', 'Ioana', 'Rata', 3),
(35, 'writer1@test.com', '$2y$10$CTNdGM4iJugnpA0Bf2N2x.mJKnUxubu/eY3Lp4I.CB3dSK.W.5eUu', 'Oana', 'Bufnea', 2),
(36, 'writer2@test.com', '$2y$10$oMa258RtT6toosHPxSUSLu9jqgda5QUK2qOPigjMPman/97QHedXm', 'Traian', 'Pascal', 2),
(37, 'writer3@test.com', '$2y$10$cBlISejdb4xhDVoENuQfaemn9y1a1QyQuagYqb6ZNrAmHqkKp5SyW', 'Diana', 'Sandi', 2),
(38, 'test@test.com', '$2y$10$AIncpsFKuIExehotDbDvK.tMtDxCtHrzQ7vgxiH4czkT5WsUo5VRS', 'Test', 'Test', 1);

-- --------------------------------------------------------

--
-- Table structure for table `roles`
--

CREATE TABLE `roles` (
  `id` int(6) NOT NULL,
  `name` varchar(25) NOT NULL
) ENGINE=InnoDB DEFAULT CHARSET=utf8mb4 COLLATE=utf8mb4_general_ci;

--
-- Dumping data for table `roles`
--

INSERT INTO `roles` (`id`, `name`) VALUES
(1, 'Reader'),
(2, 'Writer'),
(3, 'Editor');

--
-- Indexes for dumped tables
--

--
-- Indexes for table `amendments`
--
ALTER TABLE `amendments`
  ADD PRIMARY KEY (`id`),
  ADD KEY `article_id` (`article_id`);

--
-- Indexes for table `articles`
--
ALTER TABLE `articles`
  ADD PRIMARY KEY (`id`),
  ADD KEY `author_id` (`author_id`),
  ADD KEY `category_id` (`category_id`);

--
-- Indexes for table `categories`
--
ALTER TABLE `categories`
  ADD PRIMARY KEY (`id`);

--
-- Indexes for table `journalists`
--
ALTER TABLE `journalists`
  ADD PRIMARY KEY (`id`),
  ADD KEY `role_id` (`role_id`);

--
-- Indexes for table `roles`
--
ALTER TABLE `roles`
  ADD PRIMARY KEY (`id`);

--
-- AUTO_INCREMENT for dumped tables
--

--
-- AUTO_INCREMENT for table `amendments`
--
ALTER TABLE `amendments`
  MODIFY `id` int(6) NOT NULL AUTO_INCREMENT, AUTO_INCREMENT=72;

--
-- AUTO_INCREMENT for table `articles`
--
ALTER TABLE `articles`
  MODIFY `id` int(6) NOT NULL AUTO_INCREMENT, AUTO_INCREMENT=36;

--
-- AUTO_INCREMENT for table `categories`
--
ALTER TABLE `categories`
  MODIFY `id` int(6) NOT NULL AUTO_INCREMENT, AUTO_INCREMENT=5;

--
-- AUTO_INCREMENT for table `journalists`
--
ALTER TABLE `journalists`
  MODIFY `id` int(6) NOT NULL AUTO_INCREMENT, AUTO_INCREMENT=39;

--
-- AUTO_INCREMENT for table `roles`
--
ALTER TABLE `roles`
  MODIFY `id` int(6) NOT NULL AUTO_INCREMENT, AUTO_INCREMENT=4;

--
-- Constraints for dumped tables
--

--
-- Constraints for table `amendments`
--
ALTER TABLE `amendments`
  ADD CONSTRAINT `amendments_ibfk_1` FOREIGN KEY (`article_id`) REFERENCES `articles` (`id`);

--
-- Constraints for table `articles`
--
ALTER TABLE `articles`
  ADD CONSTRAINT `articles_ibfk_1` FOREIGN KEY (`author_id`) REFERENCES `journalists` (`id`),
  ADD CONSTRAINT `articles_ibfk_2` FOREIGN KEY (`category_id`) REFERENCES `categories` (`id`);

--
-- Constraints for table `journalists`
--
ALTER TABLE `journalists`
  ADD CONSTRAINT `journalists_ibfk_1` FOREIGN KEY (`role_id`) REFERENCES `roles` (`id`);
COMMIT;

/*!40101 SET CHARACTER_SET_CLIENT=@OLD_CHARACTER_SET_CLIENT */;
/*!40101 SET CHARACTER_SET_RESULTS=@OLD_CHARACTER_SET_RESULTS */;
/*!40101 SET COLLATION_CONNECTION=@OLD_COLLATION_CONNECTION */;
